# Blender 4.4.1
# www.blender.org
mtllib player.mtl
o 球
v 0.000000 0.831470 0.555570
v 0.000000 0.555570 0.831470
v 0.000000 0.195090 0.980785
v 0.000000 -0.000000 1.000000
v 0.000000 -0.195090 0.980785
v 0.000000 -0.555570 0.831470
v -0.148067 0.980785 0.191342
v -0.290445 0.923880 0.375330
v -0.421661 0.831470 0.544895
v -0.536672 0.707107 0.693520
v -0.631060 0.555570 0.815493
v -0.701196 0.382683 0.906127
v -0.744385 0.195090 0.961940
v -0.758969 -0.000000 0.980785
v -0.744385 -0.195090 0.961940
v -0.701196 -0.382683 0.906127
v -0.631060 -0.555570 0.815493
v -0.536672 -0.707107 0.693520
v -0.424520 -1.052770 0.544895
v -0.290445 -0.923880 0.375330
v -0.148067 -0.980785 0.191342
v -0.290445 0.980785 0.180240
v -0.569728 0.923880 0.353553
v -0.827117 0.831470 0.513280
v -1.052720 0.707107 0.653281
v -1.237868 0.555570 0.768178
v -1.375445 0.382683 0.853553
v -1.460165 0.195090 0.906127
v -1.488771 -0.000000 0.923879
v -1.460165 -0.195090 0.906127
v -1.375445 -0.382683 0.853553
v -1.237868 -0.555570 0.768178
v -1.052720 -0.707107 0.653281
v -0.716489 -0.831470 0.513280
v -0.569728 -0.923880 0.353553
v -0.290445 -0.980785 0.180240
v -0.421660 0.980785 0.162212
v -0.827117 0.923880 0.318190
v -1.200788 0.831470 0.461940
v -1.528313 0.707107 0.587938
v -1.797105 0.555570 0.691342
v -1.996837 0.382683 0.768178
v -2.119831 0.195090 0.815493
v -2.161361 -0.000000 0.831469
v -2.119831 -0.195090 0.815493
v -1.996837 -0.382683 0.768178
v -1.797105 -0.555570 0.691342
v -1.528313 -0.707107 0.587938
v -1.200788 -0.831470 0.461940
v -0.827117 -0.923880 0.318190
v -0.421660 -0.980785 0.162212
v -0.536672 0.980785 0.137950
v -1.052720 0.923880 0.270598
v -1.528313 0.831470 0.392847
v -1.945173 0.707107 0.500000
v -2.287281 0.555570 0.587938
v -2.541491 0.382683 0.653281
v -2.698032 0.195090 0.693520
v -2.750890 -0.000000 0.707107
v -2.698032 -0.195090 0.693520
v -2.541491 -0.382683 0.653281
v -2.287281 -0.555570 0.587938
v -1.945173 -0.707107 0.500000
v -1.528313 -0.831470 0.392847
v -1.052720 -0.923880 0.270598
v -0.536672 -0.980785 0.137950
v -0.631059 0.980785 0.108386
v -1.237868 0.923880 0.212608
v -1.797105 0.831470 0.308658
v -2.287281 0.707107 0.392847
v -2.689558 0.555570 0.461940
v -2.988477 0.382683 0.513280
v -3.172550 0.195090 0.544895
v -3.234704 -0.000000 0.555570
v -3.172550 -0.195090 0.544895
v -2.988477 -0.382683 0.513280
v -2.689558 -0.555570 0.461940
v -2.287281 -0.707107 0.392847
v -1.797105 -0.831470 0.308658
v -1.237868 -0.923880 0.212608
v -0.631059 -0.980785 0.108386
v -0.584817 1.000000 0.000000
v -0.701196 0.980785 0.074658
v -1.375445 0.923880 0.146447
v -1.996837 0.831470 0.212607
v -2.541491 0.707107 0.270598
v -2.988477 0.555570 0.318190
v -3.320618 0.382683 0.353553
v -3.525149 0.195090 0.375330
v -3.594211 -0.000000 0.382683
v -3.525149 -0.195090 0.375330
v -3.320618 -0.382683 0.353553
v -2.988477 -0.555570 0.318190
v -2.541491 -0.707107 0.270598
v -1.996837 -0.831470 0.212607
v -1.375445 -0.923880 0.146447
v -0.701196 -0.980785 0.074658
v -0.744385 0.980785 0.038060
v -1.460165 0.923880 0.074658
v -2.119830 0.831470 0.108386
v -2.698032 0.707107 0.137950
v -3.172550 0.555570 0.162212
v -3.525149 0.382683 0.180240
v -3.742278 0.195090 0.191342
v -3.815593 -0.000000 0.195090
v -3.742278 -0.195090 0.191342
v -3.525149 -0.382683 0.180240
v -3.172550 -0.555570 0.162212
v -2.698032 -0.707107 0.137950
v -2.119830 -0.831470 0.108386
v -1.460165 -0.923880 0.074658
v -0.744385 -0.980785 0.038060
v -0.758969 1.582190 0.000000
v -1.607364 1.525285 0.000000
v -2.334012 0.831470 0.000000
v -2.750890 0.707107 0.000000
v -3.234704 0.555570 0.000000
v -3.594211 0.382683 0.000000
v -3.815593 0.195090 0.000000
v -3.890345 0.000000 0.000000
v -3.815593 -0.195090 -0.000000
v -3.507845 -0.382683 -0.000000
v -3.482980 -0.720087 -0.000000
v -2.999166 -0.970974 -0.000000
v -2.657407 -0.719497 -0.000000
v -1.488771 -0.923880 -0.000000
v -0.758969 -0.980785 -0.000000
v -0.744385 0.980785 -0.038060
v -1.460165 0.923880 -0.074658
v -2.119830 0.831470 -0.108386
v -2.698032 0.707107 -0.137950
v -3.172550 0.555570 -0.162212
v -3.525149 0.382683 -0.180240
v -3.742278 0.195090 -0.191342
v -3.815593 0.000000 -0.195090
v -3.742278 -0.195090 -0.191342
v -3.525149 -0.382683 -0.180240
v -3.172550 -0.555570 -0.162212
v -2.698032 -0.707107 -0.137950
v -2.119830 -0.831470 -0.108386
v -1.460165 -0.923880 -0.074658
v -0.744385 -0.980785 -0.038060
v -0.701196 0.980785 -0.074658
v -1.375445 0.923880 -0.146447
v -1.996836 0.831470 -0.212608
v -2.541491 0.707107 -0.270598
v -2.988476 0.555570 -0.318190
v -3.320618 0.382683 -0.353553
v -3.525148 0.195090 -0.375330
v -3.594209 0.000000 -0.382683
v -3.525148 -0.195090 -0.375330
v -3.320618 -0.382683 -0.353553
v -2.988476 -0.555570 -0.318190
v -2.541491 -0.707107 -0.270598
v -1.996836 -0.831470 -0.212608
v -1.375445 -0.923880 -0.146447
v -0.701196 -0.980785 -0.074658
v -0.631059 0.980785 -0.108386
v -1.237868 0.923880 -0.212608
v -1.797105 0.831470 -0.308658
v -2.287281 0.707107 -0.392847
v -2.689558 0.555570 -0.461940
v -2.988477 0.382683 -0.513280
v -3.172550 0.195090 -0.544895
v -3.234703 0.000000 -0.555570
v -3.172550 -0.195090 -0.544895
v -2.988477 -0.382683 -0.513280
v -2.689558 -0.555570 -0.461940
v -2.287281 -0.707107 -0.392847
v -1.797105 -0.831470 -0.308658
v -1.237868 -0.923880 -0.212608
v -0.631059 -0.980785 -0.108386
v -0.536672 0.980785 -0.137950
v -1.052720 0.923880 -0.270598
v -1.528312 0.831470 -0.392847
v -1.945173 0.707107 -0.500000
v -2.287281 0.555570 -0.587938
v -2.541491 0.382683 -0.653281
v -2.698032 0.195090 -0.693520
v -2.750888 0.000000 -0.707107
v -2.698032 -0.195090 -0.693520
v -2.541491 -0.382683 -0.653281
v -2.287281 -0.555570 -0.587938
v -1.945173 -0.707107 -0.500000
v -1.528312 -0.831470 -0.392847
v -1.052720 -0.923880 -0.270598
v -0.536672 -0.980785 -0.137950
v -0.421660 0.980785 -0.162212
v -0.827117 0.923880 -0.318190
v -1.200787 0.831470 -0.461940
v -1.528312 0.707107 -0.587938
v -1.797105 0.555570 -0.691342
v -1.996837 0.382683 -0.768178
v -2.119830 0.195090 -0.815493
v -2.161358 0.000000 -0.831469
v -2.119830 -0.195090 -0.815493
v -1.996837 -0.382683 -0.768178
v -1.797105 -0.555570 -0.691342
v -1.528312 -0.707107 -0.587938
v -1.200787 -0.831470 -0.461940
v -0.827117 -0.923880 -0.318190
v -0.421660 -0.980785 -0.162212
v -0.290445 0.980785 -0.180240
v -0.569728 0.923880 -0.353553
v -0.827116 0.831470 -0.513280
v -1.052720 0.707107 -0.653281
v -1.237867 0.555570 -0.768178
v -1.375445 0.382683 -0.853553
v -1.460164 0.195090 -0.906127
v -1.488769 0.000000 -0.923879
v -1.460164 -0.195090 -0.906127
v -1.375445 -0.382683 -0.853553
v -1.237867 -0.555570 -0.768178
v -1.052720 -0.707107 -0.653281
v -0.716488 -0.831470 -0.513280
v -0.569728 -0.923880 -0.353553
v -0.290445 -0.980785 -0.180240
v -0.148067 0.980785 -0.191342
v -0.290445 0.923880 -0.375330
v -0.421660 0.831470 -0.544895
v -0.536672 0.707107 -0.693520
v -0.631059 0.555570 -0.815493
v -0.701196 0.382683 -0.906127
v -0.744385 0.195090 -0.961939
v -0.758967 0.000000 -0.980785
v -0.744385 -0.195090 -0.961939
v -0.701196 -0.382683 -0.906127
v -0.631059 -0.555570 -0.815493
v -0.536672 -0.707107 -0.693520
v -0.421660 -1.056463 -0.544895
v -0.290445 -0.923880 -0.375330
v -0.148067 -0.980785 -0.191342
v 0.000000 0.980785 -0.195090
v 0.000000 0.923880 -0.382683
v 0.000000 0.831470 -0.555570
v 0.000000 0.707107 -0.707107
v 0.000000 0.555570 -0.831469
v 0.000000 0.382683 -0.923879
v 0.000001 0.195090 -0.980785
v 0.000001 0.000000 -0.999999
v 0.000001 -0.195090 -0.980785
v 0.000000 -0.382683 -0.923879
v 0.000000 -0.555570 -0.831469
v 0.000000 -0.707107 -0.707107
v 0.000000 -1.268798 -0.555570
v 0.000000 -0.923880 -0.382683
v 0.000000 -0.980785 -0.195090
v 0.148067 0.980785 -0.191342
v 0.290445 0.923880 -0.375330
v 0.421661 0.831470 -0.544895
v 0.536672 0.707107 -0.693520
v 0.631060 0.555570 -0.815493
v 0.701195 0.382683 -0.906127
v 0.744386 0.195090 -0.961939
v 0.758970 0.000000 -0.980785
v 0.744386 -0.195090 -0.961939
v 0.701195 -0.382683 -0.906127
v 0.631060 -0.555570 -0.815493
v 0.536672 -0.707107 -0.693520
v 0.407109 -0.831470 -0.544895
v 0.290445 -0.923880 -0.375330
v 0.148067 -0.980785 -0.191342
v 0.290445 0.980785 -0.180240
v 0.569728 0.923880 -0.353553
v 0.827117 0.831470 -0.513280
v 1.052720 0.707107 -0.653281
v 1.237868 0.555570 -0.768177
v 1.375444 0.382683 -0.853553
v 1.460165 0.195090 -0.906127
v 1.488771 0.000000 -0.923879
v 1.460165 -0.195090 -0.906127
v 1.375444 -0.382683 -0.853553
v 1.237868 -0.555570 -0.768177
v 1.052720 -0.707107 -0.653281
v 0.827117 -0.831470 -0.513280
v 0.569728 -0.923880 -0.353553
v 0.290445 -0.980785 -0.180240
v 0.421660 0.980785 -0.162212
v 0.827117 0.923880 -0.318190
v 1.200787 0.831470 -0.461939
v 1.528312 0.707107 -0.587938
v 1.797105 0.555570 -0.691341
v 1.996836 0.382683 -0.768178
v 2.119830 0.195090 -0.815493
v 2.161360 0.000000 -0.831469
v 2.119830 -0.195090 -0.815493
v 1.996836 -0.382683 -0.768178
v 1.797105 -0.555570 -0.691341
v 1.528312 -0.707107 -0.587938
v 1.200787 -0.831470 -0.461939
v 0.827117 -0.923880 -0.318190
v 0.421660 -0.980785 -0.162212
v 0.536672 0.980785 -0.137950
v 1.052720 0.923880 -0.270598
v 1.528312 0.831470 -0.392847
v 1.945173 0.707107 -0.500000
v 2.287281 0.555570 -0.587937
v 2.541490 0.382683 -0.653281
v 2.698032 0.195090 -0.693520
v 2.750889 0.000000 -0.707106
v 2.698032 -0.195090 -0.693520
v 2.541490 -0.382683 -0.653281
v 2.287281 -0.555570 -0.587937
v 1.945173 -0.707107 -0.500000
v 1.528312 -0.831470 -0.392847
v 1.052720 -0.923880 -0.270598
v 0.536672 -0.980785 -0.137950
v 0.000000 -1.000000 -0.000000
v 0.631059 0.980785 -0.108386
v 1.237867 0.923880 -0.212607
v 1.797105 0.831470 -0.308658
v 2.287281 0.707107 -0.392847
v 2.689558 0.555570 -0.461939
v 2.988476 0.214072 -0.468640
v 3.172550 0.195090 -0.544895
v 3.234703 0.000000 -0.555569
v 3.172550 -0.195090 -0.544895
v 2.988476 -0.382683 -0.513280
v 2.689558 -0.555570 -0.461939
v 2.287281 -0.707107 -0.392847
v 1.797105 -0.831470 -0.308658
v 1.237867 -0.923880 -0.212607
v 0.631059 -0.980785 -0.108386
v 0.701195 0.980785 -0.074658
v 1.375445 0.923880 -0.146447
v 1.996835 0.831470 -0.212607
v 2.541491 0.707107 -0.270598
v 2.988476 0.555570 -0.318189
v 3.320617 0.382683 -0.353553
v 3.525148 0.195090 -0.375330
v 3.594208 -0.042239 -0.382683
v 3.152526 -0.195090 -0.536534
v 3.598302 -0.255439 -0.353553
v 2.988476 -0.555570 -0.318189
v 2.541491 -0.707107 -0.270598
v 1.996835 -0.831470 -0.212607
v 1.375445 -0.923880 -0.146447
v 0.701195 -0.980785 -0.074658
v 0.744385 0.980785 -0.038060
v 1.460164 0.923880 -0.074658
v 2.119829 0.831470 -0.108386
v 2.698032 0.707107 -0.137950
v 3.172549 0.555570 -0.162211
v 3.525148 0.382683 -0.180240
v 3.742277 0.195090 -0.191341
v 3.815590 -0.019850 -0.195091
v 2.974049 -0.250084 -0.191341
v 3.802833 -0.255439 -0.180240
v 3.172549 -0.555570 -0.162211
v 2.698032 -0.707107 -0.137950
v 2.119829 -0.831470 -0.108386
v 1.460164 -0.923880 -0.074658
v 0.744385 -0.980785 -0.038060
v 0.758968 0.980785 0.000000
v 1.488770 0.923880 0.000000
v 2.161359 0.831470 0.000000
v 2.750889 0.707107 0.000000
v 3.234703 0.555570 0.000000
v 3.594210 0.382683 0.000000
v 3.815592 0.195090 0.000000
v 3.890342 -0.019850 -0.000000
v 3.047364 -0.250084 -0.000000
v 3.871895 -0.255439 -0.000000
v 3.234703 -0.555570 -0.000000
v 2.750889 -0.707107 -0.000000
v 2.161359 -0.831470 -0.000000
v 1.488770 -0.923880 -0.000000
v 0.758968 -0.980785 -0.000000
v 0.744385 0.980785 0.038060
v 1.460164 0.923880 0.074658
v 2.119829 0.831470 0.108386
v 2.698032 0.707107 0.137950
v 3.172549 0.555570 0.162212
v 3.525148 0.382683 0.180240
v 3.742276 0.195090 0.191342
v 3.815590 -0.019850 0.195091
v 2.974048 -0.250084 0.191342
v 3.802833 -0.255439 0.180240
v 3.172549 -0.555570 0.162212
v 2.698032 -0.707107 0.137950
v 2.119829 -0.831470 0.108386
v 1.460164 -0.923880 0.074658
v 0.744385 -0.980785 0.038060
v 0.701195 0.980785 0.074658
v 1.375444 0.923880 0.146447
v 1.996835 0.831470 0.212607
v 2.541490 0.707107 0.270598
v 2.988475 0.555570 0.318190
v 3.320616 0.382683 0.353553
v 3.525147 0.195090 0.375330
v 3.594208 -0.042239 0.382683
v 3.152526 -0.195090 0.536534
v 3.598302 -0.255439 0.353553
v 2.988475 -0.555570 0.318190
v 2.541490 -0.707107 0.270598
v 1.996835 -0.831470 0.212607
v 1.375444 -0.923880 0.146447
v 0.701195 -0.980785 0.074658
v 0.631059 0.980785 0.108386
v 1.237867 0.923880 0.212607
v 1.797103 0.831470 0.308658
v 2.287281 0.707107 0.392847
v 2.689556 0.555570 0.461940
v 2.988476 0.214072 0.468640
v 3.172548 0.195090 0.544895
v 3.234700 -0.000000 0.555570
v 3.172548 -0.195090 0.544895
v 2.988476 -0.382683 0.513280
v 2.689556 -0.555570 0.461940
v 2.287281 -0.707107 0.392847
v 1.797103 -0.831470 0.308658
v 1.237867 -0.923880 0.212607
v 0.631059 -0.980785 0.108386
v 0.536671 0.980785 0.137950
v 1.052719 0.923880 0.270598
v 1.528311 0.831470 0.392847
v 1.945172 0.707107 0.500000
v 2.287279 0.555570 0.587938
v 2.541490 0.382683 0.653281
v 2.698030 0.195090 0.693520
v 2.750886 -0.000000 0.707106
v 2.698030 -0.195090 0.693520
v 2.541490 -0.382683 0.653281
v 2.287279 -0.555570 0.587938
v 1.945172 -0.707107 0.500000
v 1.528311 -0.831470 0.392847
v 1.052719 -0.923880 0.270598
v 0.536671 -0.980785 0.137950
v 0.421660 0.980785 0.162212
v 0.827116 0.923880 0.318190
v 1.200786 0.831470 0.461939
v 1.528312 0.707107 0.587938
v 1.797104 0.555570 0.691341
v 1.996836 0.382683 0.768177
v 2.119828 0.195090 0.815493
v 2.161356 -0.000000 0.831469
v 2.119828 -0.195090 0.815493
v 1.996836 -0.382683 0.768177
v 1.797104 -0.555570 0.691341
v 1.528312 -0.707107 0.587938
v 1.200786 -0.831470 0.461939
v 0.827116 -0.923880 0.318190
v 0.421660 -0.980785 0.162212
v 0.290444 0.980785 0.180240
v 0.569727 0.923880 0.353553
v 0.827115 0.831470 0.513279
v 1.052719 0.707107 0.653281
v 1.237866 0.555570 0.768177
v 1.375444 0.382683 0.853553
v 1.460163 0.195090 0.906127
v 1.488768 -0.000000 0.923879
v 1.460163 -0.195090 0.906127
v 1.375444 -0.382683 0.853553
v 1.237866 -0.555570 0.768177
v 1.052719 -0.707107 0.653281
v 0.827115 -0.831470 0.513279
v 0.569727 -0.923880 0.353553
v 0.290444 -0.980785 0.180240
v 0.148067 0.980785 0.191342
v 0.290444 0.923880 0.375330
v 0.421659 0.831470 0.544895
v 0.536672 0.707107 0.693520
v 0.631058 0.555570 0.815493
v 0.701195 0.382683 0.906127
v 0.744384 0.195090 0.961939
v 0.758966 -0.000000 0.980784
v 0.744384 -0.195090 0.961939
v 0.701195 -0.382683 0.906127
v 0.631058 -0.555570 0.815493
v 0.536672 -0.707107 0.693520
v 0.401431 -0.831470 0.544895
v 0.290444 -0.923880 0.375330
v 0.148067 -0.980785 0.191342
v 0.000000 0.980785 0.195090
v 0.000000 0.923880 0.382683
v 0.000000 0.707107 0.707107
v 0.000000 0.382683 0.923879
v 0.000000 -0.382683 0.923879
v 0.000000 -0.707107 0.707107
v -0.000001 -1.269529 0.555570
v 0.000000 -0.923880 0.382683
v 0.000000 -0.980785 0.195090
v 2.097237 0.380261 -0.667126
v 1.963615 -0.235183 -0.757593
v 2.039884 0.106664 -0.710031
v 2.001749 -0.064260 -0.733811
v 2.078018 0.277587 -0.686250
v 2.005400 -0.285131 0.774335
v 2.094508 -0.016993 0.762178
v 2.148546 0.150916 0.751173
v 2.040472 -0.184902 0.773183
v 1.628577 0.630045 -0.040923
v 0.921010 0.576219 -0.064716
v 1.212484 0.598382 -0.056826
v 0.866272 0.886314 -0.008619
v 1.130888 0.906430 -0.002456
v 1.420531 0.614213 -0.048874
v 1.338934 0.922261 0.005495
v 1.004438 0.582551 -0.064777
v 0.994605 0.896069 -0.005793
v 0.920976 0.783627 -0.034910
v 1.195701 0.804514 -0.028097
v 1.556175 0.831937 -0.015770
v 1.348129 0.816106 -0.023721
v 0.987654 0.788683 -0.036048
v -0.749998 -0.575484 0.626338
v -1.231701 -0.196059 0.796074
v -0.962360 -0.405840 0.704499
v -1.097031 -0.300949 0.750286
v -0.827690 -0.510729 0.658710
v -1.282076 -0.287257 -0.667126
v -0.693185 -0.510494 -0.757593
v -1.019979 -0.384471 -0.710031
v -0.856582 -0.447482 -0.733811
v -1.183376 -0.321459 -0.686250
v -3.206119 -0.341108 0.009176
v -3.206119 0.341108 0.009176
v -3.206119 -0.341108 -0.009176
v -3.206119 0.341108 -0.009176
v -5.206120 -1.000000 -0.197050
v -5.206120 1.000000 -0.197050
v -5.206120 -1.000000 0.197050
v -5.206120 1.000000 0.197050
v -3.206119 -0.000000 0.009176
v -3.206119 0.000000 -0.009176
v -4.698799 -0.000000 0.197050
v -4.698799 0.000000 -0.197050
v -3.206119 0.170554 0.009176
v -3.206119 0.170554 -0.009176
v -4.903710 0.500000 0.197050
v -4.903710 0.500000 -0.197050
v -3.206119 -0.170554 -0.009176
v -4.903710 -0.500000 0.197050
v -4.903710 -0.500000 -0.197050
v -3.206119 -0.170554 0.009176
v 2.989965 0.308474 0.415128
v 2.989965 0.344138 0.406084
v 2.989965 0.390734 0.401189
v 2.989965 0.415952 0.400559
v 2.989965 0.441170 0.401189
v 2.989965 0.487767 0.406084
v 2.994885 0.289173 0.427067
v 2.999616 0.296529 0.421036
v 3.003976 0.308474 0.415477
v 3.007797 0.324550 0.410606
v 3.010933 0.344138 0.406607
v 3.013264 0.366486 0.403636
v 3.014699 0.390734 0.401807
v 3.015183 0.415952 0.401189
v 3.014699 0.441170 0.401807
v 3.013264 0.465419 0.403636
v 3.010933 0.487767 0.406607
v 3.007797 0.507355 0.410606
v 3.003976 0.523430 0.415477
v 2.999616 0.535376 0.421036
v 2.994885 0.542731 0.427067
v 2.999616 0.289173 0.427431
v 3.008895 0.296529 0.421750
v 3.017448 0.308474 0.416514
v 3.024944 0.324550 0.411925
v 3.031096 0.344138 0.408158
v 3.035667 0.366486 0.405360
v 3.038482 0.390734 0.403636
v 3.039432 0.415952 0.403055
v 3.038482 0.441170 0.403636
v 3.035667 0.465419 0.405360
v 3.031096 0.487767 0.408158
v 3.024944 0.507355 0.411925
v 3.017448 0.523430 0.416514
v 3.008895 0.535376 0.421750
v 2.999616 0.542731 0.427431
v 3.003976 0.289173 0.428022
v 3.017448 0.296529 0.422909
v 3.029863 0.308474 0.418197
v 3.040746 0.324550 0.414067
v 3.049677 0.344138 0.410677
v 3.056313 0.366486 0.408158
v 3.060400 0.390734 0.406607
v 3.061780 0.415952 0.406084
v 3.060400 0.441170 0.406607
v 3.056313 0.465419 0.408158
v 3.049677 0.487767 0.410677
v 3.040746 0.507355 0.414067
v 3.029863 0.523430 0.418197
v 3.017448 0.535376 0.422909
v 3.003976 0.542731 0.428022
v 3.007797 0.289173 0.428817
v 3.024944 0.296529 0.424469
v 3.040746 0.308474 0.420462
v 3.054597 0.324550 0.416949
v 3.065964 0.344138 0.414067
v 3.074410 0.366486 0.411925
v 3.079612 0.390734 0.410606
v 3.081368 0.415952 0.410160
v 3.079612 0.441170 0.410606
v 3.074410 0.465419 0.411925
v 3.065964 0.487767 0.414067
v 3.054597 0.507355 0.416949
v 3.040746 0.523430 0.420462
v 3.024944 0.535376 0.424469
v 3.007797 0.542731 0.428817
v 3.010933 0.289173 0.429786
v 3.031096 0.296529 0.426370
v 3.049677 0.308474 0.423221
v 3.065964 0.324550 0.420462
v 3.079330 0.344138 0.418197
v 3.089262 0.366486 0.416514
v 3.095378 0.390734 0.415477
v 3.097444 0.415952 0.415128
v 3.095378 0.441170 0.415477
v 3.089262 0.465419 0.416514
v 3.079330 0.487767 0.418197
v 3.065964 0.507355 0.420462
v 3.049677 0.523430 0.423221
v 3.031096 0.535376 0.426370
v 3.010933 0.542731 0.429786
v 2.989965 0.286690 0.433339
v 3.013264 0.289173 0.430892
v 3.035667 0.296529 0.428538
v 3.056313 0.308474 0.426370
v 3.074410 0.324550 0.424469
v 3.089262 0.344138 0.422909
v 3.100298 0.366486 0.421750
v 3.107094 0.390734 0.421036
v 3.109389 0.415952 0.420795
v 3.107094 0.441170 0.421036
v 3.100298 0.465419 0.421750
v 3.089262 0.487767 0.422909
v 3.074410 0.507355 0.424469
v 3.056313 0.523430 0.426370
v 3.035667 0.535376 0.428538
v 3.013264 0.542731 0.430892
v 3.014699 0.289173 0.432091
v 3.038482 0.296529 0.430892
v 3.060400 0.308474 0.429786
v 3.079612 0.324550 0.428817
v 3.095378 0.344138 0.428022
v 3.107094 0.366486 0.427431
v 3.114308 0.390734 0.427067
v 3.116744 0.415952 0.426944
v 3.114308 0.441170 0.427067
v 3.107094 0.465419 0.427431
v 3.095378 0.487767 0.428022
v 3.079612 0.507355 0.428817
v 3.060400 0.523430 0.429786
v 3.038482 0.535376 0.430892
v 3.014699 0.542731 0.432091
v 3.015183 0.289173 0.433339
v 3.039432 0.296529 0.433339
v 3.061780 0.308474 0.433339
v 3.081368 0.324550 0.433339
v 3.097443 0.344138 0.433339
v 3.109389 0.366486 0.433339
v 3.116744 0.390734 0.433339
v 3.119228 0.415952 0.433339
v 3.116744 0.441170 0.433339
v 3.109389 0.465419 0.433339
v 3.097443 0.487767 0.433339
v 3.081368 0.507355 0.433339
v 3.061780 0.523430 0.433339
v 3.039432 0.535376 0.433339
v 3.015183 0.542731 0.433339
v 3.014699 0.289173 0.434586
v 3.038482 0.296529 0.435786
v 3.060400 0.308474 0.436892
v 3.079612 0.324550 0.437861
v 3.095378 0.344138 0.438656
v 3.107094 0.366486 0.439247
v 3.114308 0.390734 0.439611
v 3.116744 0.415952 0.439734
v 3.114308 0.441170 0.439611
v 3.107094 0.465419 0.439247
v 3.095378 0.487767 0.438656
v 3.079612 0.507355 0.437861
v 3.060400 0.523430 0.436892
v 3.038482 0.535376 0.435786
v 3.014699 0.542731 0.434586
v 3.013264 0.289173 0.435786
v 3.035667 0.296529 0.438139
v 3.056313 0.308474 0.440308
v 3.074410 0.324550 0.442209
v 3.089262 0.344138 0.443769
v 3.100298 0.366486 0.444928
v 3.107094 0.390734 0.445642
v 3.109389 0.415952 0.445883
v 3.107094 0.441170 0.445642
v 3.100298 0.465419 0.444928
v 3.089262 0.487767 0.443769
v 3.074410 0.507355 0.442209
v 3.056313 0.523430 0.440308
v 3.035667 0.535376 0.438139
v 3.013264 0.542731 0.435786
v 3.010933 0.289173 0.436892
v 3.031096 0.296529 0.440308
v 3.049677 0.308474 0.443457
v 3.065964 0.324550 0.446216
v 3.079330 0.344138 0.448481
v 3.089262 0.366486 0.450164
v 3.095378 0.390734 0.451200
v 3.097443 0.415952 0.451550
v 3.095378 0.441170 0.451200
v 3.089262 0.465419 0.450164
v 3.079330 0.487767 0.448481
v 3.065964 0.507355 0.446216
v 3.049677 0.523430 0.443457
v 3.031096 0.535376 0.440308
v 3.010933 0.542731 0.436892
v 3.007797 0.289173 0.437861
v 3.024944 0.296529 0.442209
v 3.040746 0.308474 0.446216
v 3.054597 0.324550 0.449729
v 3.065964 0.344138 0.452611
v 3.074410 0.366486 0.454753
v 3.079612 0.390734 0.456072
v 3.081368 0.415952 0.456518
v 3.079612 0.441170 0.456072
v 3.074410 0.465419 0.454753
v 3.065964 0.487767 0.452611
v 3.054597 0.507355 0.449729
v 3.040746 0.523430 0.446216
v 3.024944 0.535376 0.442209
v 3.007797 0.542731 0.437861
v 3.003976 0.289173 0.438656
v 3.017448 0.296529 0.443769
v 3.029863 0.308474 0.448481
v 3.040746 0.324550 0.452611
v 3.049677 0.344138 0.456001
v 3.056313 0.366486 0.458519
v 3.060400 0.390734 0.460070
v 3.061780 0.415952 0.460594
v 3.060400 0.441170 0.460070
v 3.056313 0.465419 0.458519
v 3.049677 0.487767 0.456001
v 3.040746 0.507355 0.452611
v 3.029863 0.523430 0.448481
v 3.017448 0.535376 0.443769
v 3.003976 0.542731 0.438656
v 2.999616 0.289173 0.439247
v 3.008895 0.296529 0.444928
v 3.017448 0.308474 0.450164
v 3.024944 0.324550 0.454753
v 3.031096 0.344138 0.458519
v 3.035667 0.366486 0.461318
v 3.038482 0.390734 0.463041
v 3.039432 0.415952 0.463623
v 3.038482 0.441170 0.463041
v 3.035667 0.465419 0.461318
v 3.031096 0.487767 0.458519
v 3.024944 0.507355 0.454753
v 3.017448 0.523430 0.450164
v 3.008895 0.535376 0.444928
v 2.999616 0.542731 0.439247
v 2.994885 0.289173 0.439611
v 2.999616 0.296529 0.445642
v 3.003976 0.308474 0.451200
v 3.007797 0.324550 0.456072
v 3.010933 0.344138 0.460070
v 3.013264 0.366486 0.463041
v 3.014699 0.390734 0.464871
v 3.015183 0.415952 0.465489
v 3.014699 0.441170 0.464871
v 3.013264 0.465419 0.463041
v 3.010933 0.487767 0.460070
v 3.007797 0.507355 0.456072
v 3.003976 0.523430 0.451200
v 2.999616 0.535376 0.445642
v 2.994885 0.542731 0.439611
v 2.989965 0.289173 0.439734
v 2.989965 0.296529 0.445883
v 2.989965 0.308474 0.451550
v 2.989965 0.324550 0.456518
v 2.989965 0.344138 0.460594
v 2.989965 0.366486 0.463623
v 2.989965 0.390734 0.465489
v 2.989965 0.415952 0.466118
v 2.989965 0.441170 0.465489
v 2.989965 0.465419 0.463623
v 2.989965 0.487767 0.460594
v 2.989965 0.507355 0.456518
v 2.989965 0.523430 0.451550
v 2.989965 0.535376 0.445883
v 2.989965 0.542731 0.439734
v 2.985046 0.289173 0.439611
v 2.980315 0.296529 0.445642
v 2.975955 0.308474 0.451200
v 2.972134 0.324550 0.456072
v 2.968997 0.344138 0.460070
v 2.966667 0.366486 0.463041
v 2.965232 0.390734 0.464871
v 2.964748 0.415952 0.465489
v 2.965232 0.441170 0.464871
v 2.966667 0.465419 0.463041
v 2.968997 0.487767 0.460070
v 2.972134 0.507355 0.456072
v 2.975955 0.523430 0.451200
v 2.980315 0.535376 0.445642
v 2.985046 0.542731 0.439611
v 2.980315 0.289173 0.439247
v 2.971035 0.296529 0.444928
v 2.962483 0.308474 0.450164
v 2.954987 0.324550 0.454753
v 2.948836 0.344138 0.458519
v 2.944264 0.366486 0.461318
v 2.941449 0.390734 0.463041
v 2.940499 0.415952 0.463623
v 2.941449 0.441170 0.463041
v 2.944264 0.465419 0.461318
v 2.948836 0.487767 0.458519
v 2.954987 0.507355 0.454753
v 2.962483 0.523430 0.450164
v 2.971035 0.535376 0.444928
v 2.980315 0.542731 0.439247
v 2.975955 0.289173 0.438656
v 2.962483 0.296529 0.443769
v 2.950068 0.308474 0.448481
v 2.939185 0.324550 0.452611
v 2.930254 0.344138 0.456001
v 2.923618 0.366486 0.458519
v 2.919531 0.390734 0.460070
v 2.918151 0.415952 0.460594
v 2.919531 0.441170 0.460070
v 2.923618 0.465419 0.458519
v 2.930254 0.487767 0.456001
v 2.939185 0.507355 0.452611
v 2.950068 0.523430 0.448481
v 2.962483 0.535376 0.443769
v 2.975955 0.542731 0.438656
v 2.972134 0.289173 0.437861
v 2.954987 0.296529 0.442209
v 2.939185 0.308474 0.446216
v 2.925334 0.324550 0.449729
v 2.913967 0.344138 0.452611
v 2.905520 0.366486 0.454753
v 2.900319 0.390734 0.456072
v 2.898563 0.415952 0.456518
v 2.900319 0.441170 0.456072
v 2.905520 0.465419 0.454753
v 2.913967 0.487767 0.452611
v 2.925334 0.507355 0.449729
v 2.939185 0.523430 0.446216
v 2.954987 0.535376 0.442209
v 2.972134 0.542731 0.437861
v 2.989965 0.545215 0.433339
v 2.968997 0.289173 0.436892
v 2.948836 0.296529 0.440308
v 2.930254 0.308474 0.443457
v 2.913967 0.324550 0.446216
v 2.900601 0.344138 0.448481
v 2.890669 0.366486 0.450164
v 2.884553 0.390734 0.451200
v 2.882488 0.415952 0.451550
v 2.884553 0.441170 0.451200
v 2.890669 0.465419 0.450164
v 2.900601 0.487767 0.448481
v 2.913967 0.507355 0.446216
v 2.930254 0.523430 0.443457
v 2.948836 0.535376 0.440308
v 2.968997 0.542731 0.436892
v 2.966667 0.289173 0.435786
v 2.944264 0.296529 0.438139
v 2.923618 0.308474 0.440308
v 2.905520 0.324550 0.442209
v 2.890669 0.344138 0.443769
v 2.879633 0.366486 0.444928
v 2.872837 0.390734 0.445642
v 2.870543 0.415952 0.445883
v 2.872837 0.441170 0.445642
v 2.879633 0.465419 0.444928
v 2.890669 0.487767 0.443769
v 2.905520 0.507355 0.442209
v 2.923618 0.523430 0.440308
v 2.944264 0.535376 0.438139
v 2.966667 0.542731 0.435786
v 2.965232 0.289173 0.434586
v 2.941449 0.296529 0.435786
v 2.919531 0.308474 0.436892
v 2.900319 0.324550 0.437861
v 2.884553 0.344138 0.438656
v 2.872837 0.366486 0.439247
v 2.865623 0.390734 0.439611
v 2.863187 0.415952 0.439734
v 2.865623 0.441170 0.439611
v 2.872837 0.465419 0.439247
v 2.884553 0.487767 0.438656
v 2.900319 0.507355 0.437861
v 2.919531 0.523430 0.436892
v 2.941449 0.535376 0.435786
v 2.965232 0.542731 0.434586
v 2.964748 0.289173 0.433339
v 2.940499 0.296529 0.433339
v 2.918151 0.308474 0.433339
v 2.898563 0.324550 0.433339
v 2.882488 0.344138 0.433339
v 2.870543 0.366486 0.433339
v 2.863187 0.390734 0.433339
v 2.860703 0.415952 0.433339
v 2.863187 0.441170 0.433339
v 2.870543 0.465419 0.433339
v 2.882488 0.487767 0.433339
v 2.898563 0.507355 0.433339
v 2.918151 0.523430 0.433339
v 2.940499 0.535376 0.433339
v 2.964748 0.542731 0.433339
v 2.965232 0.289173 0.432091
v 2.941449 0.296529 0.430892
v 2.919531 0.308474 0.429786
v 2.900319 0.324550 0.428817
v 2.884553 0.344138 0.428022
v 2.872837 0.366486 0.427431
v 2.865623 0.390734 0.427067
v 2.863187 0.415952 0.426944
v 2.865623 0.441170 0.427067
v 2.872837 0.465419 0.427431
v 2.884553 0.487767 0.428022
v 2.900319 0.507355 0.428817
v 2.919531 0.523430 0.429786
v 2.941449 0.535376 0.430892
v 2.965232 0.542731 0.432091
v 2.966667 0.289173 0.430892
v 2.944264 0.296529 0.428538
v 2.923618 0.308474 0.426370
v 2.905520 0.324550 0.424469
v 2.890669 0.344138 0.422909
v 2.879633 0.366486 0.421750
v 2.872837 0.390734 0.421036
v 2.870543 0.415952 0.420795
v 2.872837 0.441170 0.421036
v 2.879633 0.465419 0.421750
v 2.890669 0.487767 0.422909
v 2.905520 0.507355 0.424469
v 2.923618 0.523430 0.426370
v 2.944264 0.535376 0.428538
v 2.966667 0.542731 0.430892
v 2.968997 0.289173 0.429786
v 2.948836 0.296529 0.426370
v 2.930254 0.308474 0.423221
v 2.913967 0.324550 0.420462
v 2.900601 0.344138 0.418197
v 2.890669 0.366486 0.416514
v 2.884553 0.390734 0.415477
v 2.882488 0.415952 0.415128
v 2.884553 0.441170 0.415477
v 2.890669 0.465419 0.416514
v 2.900601 0.487767 0.418197
v 2.913967 0.507355 0.420462
v 2.930254 0.523430 0.423221
v 2.948836 0.535376 0.426370
v 2.968997 0.542731 0.429786
v 2.972134 0.289173 0.428817
v 2.954987 0.296529 0.424469
v 2.939185 0.308474 0.420462
v 2.925334 0.324550 0.416949
v 2.913967 0.344138 0.414067
v 2.905520 0.366486 0.411925
v 2.900319 0.390734 0.410606
v 2.898563 0.415952 0.410160
v 2.900319 0.441170 0.410606
v 2.905520 0.465419 0.411925
v 2.913967 0.487767 0.414067
v 2.925334 0.507355 0.416949
v 2.939185 0.523430 0.420462
v 2.954987 0.535376 0.424469
v 2.972134 0.542731 0.428817
v 2.975955 0.289173 0.428022
v 2.962483 0.296529 0.422909
v 2.950068 0.308474 0.418197
v 2.939185 0.324550 0.414067
v 2.930254 0.344138 0.410677
v 2.923618 0.366486 0.408158
v 2.919531 0.390734 0.406607
v 2.918151 0.415952 0.406084
v 2.919531 0.441170 0.406607
v 2.923618 0.465419 0.408158
v 2.930254 0.487767 0.410677
v 2.939185 0.507355 0.414067
v 2.950068 0.523430 0.418197
v 2.962483 0.535376 0.422909
v 2.975955 0.542731 0.428022
v 2.980315 0.289173 0.427431
v 2.971035 0.296529 0.421750
v 2.962483 0.308474 0.416514
v 2.954987 0.324550 0.411925
v 2.948836 0.344138 0.408158
v 2.944264 0.366486 0.405360
v 2.941449 0.390734 0.403636
v 2.940499 0.415952 0.403055
v 2.941449 0.441170 0.403636
v 2.944264 0.465419 0.405360
v 2.948836 0.487767 0.408158
v 2.954987 0.507355 0.411925
v 2.962483 0.523430 0.416514
v 2.971035 0.535376 0.421750
v 2.980315 0.542731 0.427431
v 2.985046 0.289173 0.427067
v 2.980315 0.296529 0.421036
v 2.975955 0.308474 0.415477
v 2.972134 0.324550 0.410606
v 2.968998 0.344138 0.406607
v 2.966667 0.366486 0.403636
v 2.965232 0.390734 0.401807
v 2.964748 0.415952 0.401189
v 2.965232 0.441170 0.401807
v 2.966667 0.465419 0.403636
v 2.968998 0.487767 0.406607
v 2.972134 0.507355 0.410606
v 2.975955 0.523430 0.415477
v 2.980315 0.535376 0.421036
v 2.985046 0.542731 0.427067
v 2.989965 0.289173 0.426944
v 2.989965 0.296529 0.420795
v 2.989965 0.324550 0.410160
v 2.989965 0.366486 0.403055
v 2.989965 0.465419 0.403055
v 2.989965 0.507355 0.410160
v 2.989965 0.523430 0.415128
v 2.989965 0.535376 0.420795
v 2.989965 0.542731 0.426944
v 3.075598 0.300628 -0.412010
v 3.075598 0.336291 -0.421054
v 3.075598 0.382888 -0.425948
v 3.075598 0.408106 -0.426578
v 3.075598 0.433324 -0.425948
v 3.075598 0.479920 -0.421054
v 3.080518 0.281327 -0.400071
v 3.085249 0.288683 -0.406102
v 3.089608 0.300628 -0.411660
v 3.093430 0.316703 -0.416532
v 3.096566 0.336291 -0.420530
v 3.098897 0.358639 -0.423501
v 3.100332 0.382888 -0.425330
v 3.100816 0.408106 -0.425948
v 3.100332 0.433324 -0.425330
v 3.098897 0.457572 -0.423501
v 3.096566 0.479920 -0.420530
v 3.093430 0.499508 -0.416532
v 3.089608 0.515584 -0.411660
v 3.085249 0.527529 -0.406102
v 3.080518 0.534885 -0.400071
v 3.085249 0.281327 -0.399707
v 3.094528 0.288683 -0.405388
v 3.103081 0.300628 -0.410623
v 3.110576 0.316703 -0.415213
v 3.116728 0.336291 -0.418979
v 3.121300 0.358639 -0.421778
v 3.124114 0.382888 -0.423501
v 3.125065 0.408106 -0.424083
v 3.124114 0.433324 -0.423501
v 3.121300 0.457572 -0.421778
v 3.116728 0.479920 -0.418979
v 3.110576 0.499508 -0.415213
v 3.103081 0.515584 -0.410623
v 3.094528 0.527529 -0.405388
v 3.085249 0.534885 -0.399707
v 3.089608 0.281327 -0.399116
v 3.103081 0.288683 -0.404229
v 3.115496 0.300628 -0.408941
v 3.126379 0.316703 -0.413071
v 3.135310 0.336291 -0.416460
v 3.141946 0.358639 -0.418979
v 3.146033 0.382888 -0.420530
v 3.147413 0.408106 -0.421054
v 3.146033 0.433324 -0.420530
v 3.141946 0.457572 -0.418979
v 3.135310 0.479920 -0.416460
v 3.126379 0.499508 -0.413071
v 3.115496 0.515584 -0.408941
v 3.103081 0.527529 -0.404229
v 3.089608 0.534885 -0.399116
v 3.093430 0.281327 -0.398320
v 3.110576 0.288683 -0.402669
v 3.126379 0.300628 -0.406676
v 3.140229 0.316703 -0.410188
v 3.151597 0.336291 -0.413071
v 3.160043 0.358639 -0.415213
v 3.165244 0.382888 -0.416532
v 3.167001 0.408106 -0.416977
v 3.165244 0.433324 -0.416532
v 3.160043 0.457572 -0.415213
v 3.151597 0.479920 -0.413071
v 3.140229 0.499508 -0.410188
v 3.126379 0.515584 -0.406676
v 3.110576 0.527529 -0.402669
v 3.093430 0.534885 -0.398320
v 3.096566 0.281327 -0.397351
v 3.116728 0.288683 -0.400768
v 3.135310 0.300628 -0.403916
v 3.151597 0.316703 -0.406676
v 3.164963 0.336291 -0.408941
v 3.174895 0.358639 -0.410623
v 3.181011 0.382888 -0.411660
v 3.183076 0.408106 -0.412010
v 3.181011 0.433324 -0.411660
v 3.174895 0.457572 -0.410623
v 3.164963 0.479920 -0.408941
v 3.151597 0.499508 -0.406676
v 3.135310 0.515584 -0.403916
v 3.116728 0.527529 -0.400768
v 3.096566 0.534885 -0.397351
v 3.075598 0.278843 -0.393798
v 3.098896 0.281327 -0.396246
v 3.121300 0.288683 -0.398599
v 3.141946 0.300628 -0.400768
v 3.160043 0.316703 -0.402669
v 3.174895 0.336291 -0.404229
v 3.185931 0.358639 -0.405388
v 3.192727 0.382888 -0.406102
v 3.195021 0.408106 -0.406343
v 3.192727 0.433324 -0.406102
v 3.185931 0.457572 -0.405388
v 3.174895 0.479920 -0.404229
v 3.160043 0.499508 -0.402669
v 3.141946 0.515584 -0.400768
v 3.121300 0.527529 -0.398599
v 3.098896 0.534885 -0.396246
v 3.100332 0.281327 -0.395046
v 3.124114 0.288683 -0.396246
v 3.146033 0.300628 -0.397351
v 3.165244 0.316703 -0.398320
v 3.181011 0.336291 -0.399116
v 3.192727 0.358639 -0.399707
v 3.199941 0.382888 -0.400071
v 3.202377 0.408106 -0.400193
v 3.199941 0.433324 -0.400071
v 3.192727 0.457572 -0.399707
v 3.181011 0.479920 -0.399116
v 3.165244 0.499508 -0.398320
v 3.146033 0.515584 -0.397351
v 3.124114 0.527529 -0.396246
v 3.100332 0.534885 -0.395046
v 3.100816 0.281327 -0.393798
v 3.125065 0.288683 -0.393798
v 3.147413 0.300628 -0.393798
v 3.167001 0.316703 -0.393798
v 3.183076 0.336291 -0.393798
v 3.195021 0.358639 -0.393798
v 3.202377 0.382888 -0.393798
v 3.204861 0.408106 -0.393798
v 3.202377 0.433324 -0.393798
v 3.195021 0.457572 -0.393798
v 3.183076 0.479920 -0.393798
v 3.167001 0.499508 -0.393798
v 3.147413 0.515584 -0.393798
v 3.125065 0.527529 -0.393798
v 3.100816 0.534885 -0.393798
v 3.100332 0.281327 -0.392551
v 3.124114 0.288683 -0.391351
v 3.146033 0.300628 -0.390246
v 3.165244 0.316703 -0.389276
v 3.181011 0.336291 -0.388481
v 3.192727 0.358639 -0.387890
v 3.199941 0.382888 -0.387526
v 3.202377 0.408106 -0.387403
v 3.199941 0.433324 -0.387526
v 3.192727 0.457572 -0.387890
v 3.181011 0.479920 -0.388481
v 3.165244 0.499508 -0.389276
v 3.146033 0.515584 -0.390246
v 3.124114 0.527529 -0.391351
v 3.100332 0.534885 -0.392551
v 3.098896 0.281327 -0.391351
v 3.121300 0.288683 -0.388998
v 3.141946 0.300628 -0.386829
v 3.160043 0.316703 -0.384928
v 3.174895 0.336291 -0.383368
v 3.185931 0.358639 -0.382209
v 3.192727 0.382888 -0.381495
v 3.195021 0.408106 -0.381254
v 3.192727 0.433324 -0.381495
v 3.185931 0.457572 -0.382209
v 3.174895 0.479920 -0.383368
v 3.160043 0.499508 -0.384928
v 3.141946 0.515584 -0.386829
v 3.121300 0.527529 -0.388998
v 3.098896 0.534885 -0.391351
v 3.096566 0.281327 -0.390246
v 3.116728 0.288683 -0.386829
v 3.135310 0.300628 -0.383681
v 3.151597 0.316703 -0.380921
v 3.164963 0.336291 -0.378656
v 3.174895 0.358639 -0.376973
v 3.181011 0.382888 -0.375937
v 3.183076 0.408106 -0.375587
v 3.181011 0.433324 -0.375937
v 3.174895 0.457572 -0.376973
v 3.164963 0.479920 -0.378656
v 3.151597 0.499508 -0.380921
v 3.135310 0.515584 -0.383681
v 3.116728 0.527529 -0.386829
v 3.096566 0.534885 -0.390246
v 3.093430 0.281327 -0.389276
v 3.110576 0.288683 -0.384928
v 3.126379 0.300628 -0.380921
v 3.140229 0.316703 -0.377409
v 3.151597 0.336291 -0.374526
v 3.160043 0.358639 -0.372384
v 3.165244 0.382888 -0.371065
v 3.167001 0.408106 -0.370620
v 3.165244 0.433324 -0.371065
v 3.160043 0.457572 -0.372384
v 3.151597 0.479920 -0.374526
v 3.140229 0.499508 -0.377409
v 3.126379 0.515584 -0.380921
v 3.110576 0.527529 -0.384928
v 3.093430 0.534885 -0.389276
v 3.089608 0.281327 -0.388481
v 3.103081 0.288683 -0.383368
v 3.115496 0.300628 -0.378656
v 3.126379 0.316703 -0.374526
v 3.135310 0.336291 -0.371137
v 3.141946 0.358639 -0.368618
v 3.146033 0.382888 -0.367067
v 3.147413 0.408106 -0.366543
v 3.146033 0.433324 -0.367067
v 3.141946 0.457572 -0.368618
v 3.135310 0.479920 -0.371137
v 3.126379 0.499508 -0.374526
v 3.115496 0.515584 -0.378656
v 3.103081 0.527529 -0.383368
v 3.089608 0.534885 -0.388481
v 3.085249 0.281327 -0.387890
v 3.094528 0.288683 -0.382209
v 3.103081 0.300628 -0.376973
v 3.110576 0.316703 -0.372384
v 3.116728 0.336291 -0.368618
v 3.121300 0.358639 -0.365819
v 3.124114 0.382888 -0.364096
v 3.125065 0.408106 -0.363514
v 3.124114 0.433324 -0.364096
v 3.121300 0.457572 -0.365819
v 3.116728 0.479920 -0.368618
v 3.110576 0.499508 -0.372384
v 3.103081 0.515584 -0.376973
v 3.094528 0.527529 -0.382209
v 3.085249 0.534885 -0.387890
v 3.080518 0.281327 -0.387526
v 3.085249 0.288683 -0.381495
v 3.089608 0.300628 -0.375937
v 3.093430 0.316703 -0.371065
v 3.096566 0.336291 -0.367067
v 3.098897 0.358639 -0.364096
v 3.100332 0.382888 -0.362266
v 3.100816 0.408106 -0.361649
v 3.100332 0.433324 -0.362266
v 3.098897 0.457572 -0.364096
v 3.096566 0.479920 -0.367067
v 3.093430 0.499508 -0.371065
v 3.089608 0.515584 -0.375937
v 3.085249 0.527529 -0.381495
v 3.080518 0.534885 -0.387526
v 3.075598 0.281327 -0.387403
v 3.075598 0.288683 -0.381254
v 3.075598 0.300628 -0.375587
v 3.075598 0.316703 -0.370620
v 3.075598 0.336291 -0.366543
v 3.075598 0.358639 -0.363514
v 3.075598 0.382888 -0.361649
v 3.075598 0.408106 -0.361019
v 3.075598 0.433324 -0.361649
v 3.075598 0.457572 -0.363514
v 3.075598 0.479920 -0.366543
v 3.075598 0.499508 -0.370620
v 3.075598 0.515584 -0.375587
v 3.075598 0.527529 -0.381254
v 3.075598 0.534885 -0.387403
v 3.070678 0.281327 -0.387526
v 3.065948 0.288683 -0.381495
v 3.061588 0.300628 -0.375937
v 3.057766 0.316703 -0.371065
v 3.054630 0.336291 -0.367067
v 3.052300 0.358639 -0.364096
v 3.050865 0.382888 -0.362266
v 3.050380 0.408106 -0.361649
v 3.050865 0.433324 -0.362266
v 3.052300 0.457572 -0.364096
v 3.054630 0.479920 -0.367067
v 3.057766 0.499508 -0.371065
v 3.061588 0.515584 -0.375937
v 3.065948 0.527529 -0.381495
v 3.070678 0.534885 -0.387526
v 3.065948 0.281327 -0.387890
v 3.056668 0.288683 -0.382209
v 3.048116 0.300628 -0.376973
v 3.040620 0.316703 -0.372384
v 3.034468 0.336291 -0.368618
v 3.029897 0.358639 -0.365819
v 3.027082 0.382888 -0.364096
v 3.026132 0.408106 -0.363514
v 3.027082 0.433324 -0.364096
v 3.029897 0.457572 -0.365819
v 3.034468 0.479920 -0.368618
v 3.040620 0.499508 -0.372384
v 3.048116 0.515584 -0.376973
v 3.056668 0.527529 -0.382209
v 3.065948 0.534885 -0.387890
v 3.061588 0.281327 -0.388481
v 3.048116 0.288683 -0.383368
v 3.035700 0.300628 -0.378656
v 3.024818 0.316703 -0.374526
v 3.015887 0.336291 -0.371137
v 3.009250 0.358639 -0.368618
v 3.005163 0.382888 -0.367067
v 3.003784 0.408106 -0.366543
v 3.005163 0.433324 -0.367067
v 3.009250 0.457572 -0.368618
v 3.015887 0.479920 -0.371137
v 3.024818 0.499508 -0.374526
v 3.035700 0.515584 -0.378656
v 3.048116 0.527529 -0.383368
v 3.061588 0.534885 -0.388481
v 3.057766 0.281327 -0.389276
v 3.040620 0.288683 -0.384928
v 3.024818 0.300628 -0.380921
v 3.010967 0.316703 -0.377409
v 2.999600 0.336291 -0.374526
v 2.991153 0.358639 -0.372384
v 2.985952 0.382888 -0.371065
v 2.984195 0.408106 -0.370620
v 2.985952 0.433324 -0.371065
v 2.991153 0.457572 -0.372384
v 2.999600 0.479920 -0.374526
v 3.010967 0.499508 -0.377409
v 3.024818 0.515584 -0.380921
v 3.040620 0.527529 -0.384928
v 3.057766 0.534885 -0.389276
v 3.075598 0.537368 -0.393798
v 3.054630 0.281327 -0.390246
v 3.034468 0.288683 -0.386829
v 3.015887 0.300628 -0.383681
v 2.999600 0.316703 -0.380921
v 2.986233 0.336291 -0.378656
v 2.976302 0.358639 -0.376973
v 2.970186 0.382888 -0.375937
v 2.968120 0.408106 -0.375587
v 2.970186 0.433324 -0.375937
v 2.976302 0.457572 -0.376973
v 2.986233 0.479920 -0.378656
v 2.999600 0.499508 -0.380921
v 3.015887 0.515584 -0.383681
v 3.034468 0.527529 -0.386829
v 3.054630 0.534885 -0.390246
v 3.052300 0.281327 -0.391351
v 3.029897 0.288683 -0.388998
v 3.009250 0.300628 -0.386829
v 2.991153 0.316703 -0.384928
v 2.976302 0.336291 -0.383368
v 2.965266 0.358639 -0.382209
v 2.958470 0.382888 -0.381495
v 2.956175 0.408106 -0.381254
v 2.958470 0.433324 -0.381495
v 2.965266 0.457572 -0.382209
v 2.976302 0.479920 -0.383368
v 2.991153 0.499508 -0.384928
v 3.009250 0.515584 -0.386829
v 3.029897 0.527529 -0.388998
v 3.052300 0.534885 -0.391351
v 3.050865 0.281327 -0.392551
v 3.027082 0.288683 -0.391351
v 3.005163 0.300628 -0.390246
v 2.985952 0.316703 -0.389276
v 2.970186 0.336291 -0.388481
v 2.958470 0.358639 -0.387890
v 2.951255 0.382888 -0.387526
v 2.948819 0.408106 -0.387403
v 2.951255 0.433324 -0.387526
v 2.958470 0.457572 -0.387890
v 2.970186 0.479920 -0.388481
v 2.985952 0.499508 -0.389276
v 3.005163 0.515584 -0.390246
v 3.027082 0.527529 -0.391351
v 3.050865 0.534885 -0.392551
v 3.050380 0.281327 -0.393798
v 3.026132 0.288683 -0.393798
v 3.003784 0.300628 -0.393798
v 2.984195 0.316703 -0.393798
v 2.968120 0.336291 -0.393798
v 2.956175 0.358639 -0.393798
v 2.948819 0.382888 -0.393798
v 2.946336 0.408106 -0.393798
v 2.948819 0.433324 -0.393798
v 2.956175 0.457572 -0.393798
v 2.968120 0.479920 -0.393798
v 2.984195 0.499508 -0.393798
v 3.003784 0.515584 -0.393798
v 3.026132 0.527529 -0.393798
v 3.050380 0.534885 -0.393798
v 3.050865 0.281327 -0.395046
v 3.027082 0.288683 -0.396246
v 3.005163 0.300628 -0.397351
v 2.985952 0.316703 -0.398320
v 2.970186 0.336291 -0.399116
v 2.958470 0.358639 -0.399707
v 2.951255 0.382888 -0.400071
v 2.948819 0.408106 -0.400193
v 2.951255 0.433324 -0.400071
v 2.958470 0.457572 -0.399707
v 2.970186 0.479920 -0.399116
v 2.985952 0.499508 -0.398320
v 3.005163 0.515584 -0.397351
v 3.027082 0.527529 -0.396246
v 3.050865 0.534885 -0.395046
v 3.052300 0.281327 -0.396246
v 3.029897 0.288683 -0.398599
v 3.009250 0.300628 -0.400768
v 2.991153 0.316703 -0.402669
v 2.976302 0.336291 -0.404229
v 2.965266 0.358639 -0.405388
v 2.958470 0.382888 -0.406102
v 2.956175 0.408106 -0.406343
v 2.958470 0.433324 -0.406102
v 2.965266 0.457572 -0.405388
v 2.976302 0.479920 -0.404229
v 2.991153 0.499508 -0.402669
v 3.009250 0.515584 -0.400768
v 3.029897 0.527529 -0.398599
v 3.052300 0.534885 -0.396246
v 3.054630 0.281327 -0.397351
v 3.034468 0.288683 -0.400768
v 3.015887 0.300628 -0.403916
v 2.999600 0.316703 -0.406676
v 2.986233 0.336291 -0.408941
v 2.976302 0.358639 -0.410623
v 2.970186 0.382888 -0.411660
v 2.968120 0.408106 -0.412010
v 2.970186 0.433324 -0.411660
v 2.976302 0.457572 -0.410623
v 2.986233 0.479920 -0.408941
v 2.999600 0.499508 -0.406676
v 3.015887 0.515584 -0.403916
v 3.034468 0.527529 -0.400768
v 3.054630 0.534885 -0.397351
v 3.057766 0.281327 -0.398320
v 3.040620 0.288683 -0.402669
v 3.024818 0.300628 -0.406676
v 3.010967 0.316703 -0.410188
v 2.999600 0.336291 -0.413071
v 2.991153 0.358639 -0.415213
v 2.985952 0.382888 -0.416532
v 2.984196 0.408106 -0.416977
v 2.985952 0.433324 -0.416532
v 2.991153 0.457572 -0.415213
v 2.999600 0.479920 -0.413071
v 3.010967 0.499508 -0.410188
v 3.024818 0.515584 -0.406676
v 3.040620 0.527529 -0.402669
v 3.057766 0.534885 -0.398320
v 3.061588 0.281327 -0.399116
v 3.048116 0.288683 -0.404229
v 3.035700 0.300628 -0.408941
v 3.024818 0.316703 -0.413071
v 3.015887 0.336291 -0.416460
v 3.009250 0.358639 -0.418979
v 3.005163 0.382888 -0.420530
v 3.003784 0.408106 -0.421054
v 3.005163 0.433324 -0.420530
v 3.009250 0.457572 -0.418979
v 3.015887 0.479920 -0.416460
v 3.024818 0.499508 -0.413071
v 3.035700 0.515584 -0.408941
v 3.048116 0.527529 -0.404229
v 3.061588 0.534885 -0.399116
v 3.065948 0.281327 -0.399707
v 3.056668 0.288683 -0.405388
v 3.048116 0.300628 -0.410623
v 3.040620 0.316703 -0.415213
v 3.034468 0.336291 -0.418979
v 3.029897 0.358639 -0.421778
v 3.027082 0.382888 -0.423501
v 3.026132 0.408106 -0.424083
v 3.027082 0.433324 -0.423501
v 3.029897 0.457572 -0.421778
v 3.034468 0.479920 -0.418979
v 3.040620 0.499508 -0.415213
v 3.048116 0.515584 -0.410623
v 3.056668 0.527529 -0.405388
v 3.065948 0.534885 -0.399707
v 3.070678 0.281327 -0.400070
v 3.065948 0.288683 -0.406102
v 3.061588 0.300628 -0.411660
v 3.057766 0.316703 -0.416532
v 3.054630 0.336291 -0.420530
v 3.052300 0.358639 -0.423501
v 3.050865 0.382888 -0.425330
v 3.050380 0.408106 -0.425948
v 3.050865 0.433324 -0.425330
v 3.052300 0.457572 -0.423501
v 3.054630 0.479920 -0.420530
v 3.057766 0.499508 -0.416532
v 3.061588 0.515584 -0.411660
v 3.065948 0.527529 -0.406102
v 3.070678 0.534885 -0.400070
v 3.075598 0.281327 -0.400193
v 3.075598 0.288683 -0.406343
v 3.075598 0.316703 -0.416977
v 3.075598 0.358639 -0.424083
v 3.075598 0.457572 -0.424083
v 3.075598 0.499508 -0.416977
v 3.075598 0.515584 -0.412010
v 3.075598 0.527529 -0.406343
v 3.075598 0.534885 -0.400193
v -2.073103 -0.570224 0.038587
v -3.012108 -0.061386 0.038587
vn -0.0000 -0.3804 0.9248
vn -0.0000 -0.1941 0.9810
vn -0.0501 -0.1973 0.9791
vn -0.0471 -0.3865 0.9211
vn -0.0000 0.8286 0.5598
vn -0.0000 0.9217 0.3879
vn -0.0195 0.9242 0.3815
vn -0.0282 0.8333 0.5521
vn -0.0000 -0.5528 0.8333
vn -0.0423 -0.5597 0.8276
vn -0.0000 0.7041 0.7101
vn -0.0359 0.7105 0.7028
vn 0.0317 -0.5128 0.8579
vn -0.1101 -0.5898 0.8000
vn -0.0000 0.5528 0.8333
vn -0.0423 0.5597 0.8276
vn 0.1263 -0.9802 0.1528
vn -0.2965 -0.9162 0.2695
vn -0.0000 0.3804 0.9248
vn -0.0471 0.3865 0.9211
vn 0.0803 -0.9596 -0.2697
vn -0.1322 -0.9634 -0.2334
vn -0.0000 0.1942 0.9810
vn -0.0501 0.1973 0.9791
vn -0.0000 -0.9796 0.2010
vn -0.0101 -0.9803 0.1972
vn -0.0000 -0.0000 1.0000
vn -0.0511 -0.0000 0.9987
vn 0.0051 0.9807 0.1953
vn 0.0640 0.9980 -0.0000
vn -0.0089 0.9791 0.2031
vn -0.0000 -1.0000 -0.0000
vn -0.0195 0.9790 0.2029
vn -0.0198 -0.9823 0.1862
vn -0.1060 -0.0000 0.9944
vn -0.1036 -0.2081 0.9726
vn -0.0386 0.9314 0.3621
vn -0.0968 -0.4050 0.9092
vn -0.0563 0.8470 0.5286
vn -0.0862 -0.5810 0.8093
vn -0.0724 0.7296 0.6800
vn -0.0874 -0.7225 0.6858
vn -0.0862 0.5810 0.8093
vn -0.1833 -0.8472 0.4987
vn -0.0969 0.4051 0.9091
vn -0.1416 -0.9862 0.0854
vn -0.1036 0.2081 0.9726
vn -0.1097 0.7616 0.6387
vn -0.1331 0.6181 0.7748
vn -0.1087 -0.7621 0.6383
vn -0.0790 -0.8690 0.4885
vn -0.1521 0.4384 0.8858
vn -0.0541 -0.9388 0.3403
vn -0.1648 0.2281 0.9596
vn -0.0287 -0.9853 0.1681
vn -0.1693 -0.0000 0.9856
vn -0.0315 0.9798 0.1974
vn -0.1648 -0.2281 0.9596
vn -0.0565 0.9424 0.3297
vn -0.1521 -0.4384 0.8858
vn -0.0835 0.8689 0.4879
vn -0.1331 -0.6181 0.7748
vn -0.2490 -0.0000 0.9685
vn -0.2403 -0.2614 0.9348
vn -0.0453 0.9817 0.1848
vn -0.0731 0.9559 0.2845
vn -0.2169 -0.4910 0.8437
vn -0.1101 0.8969 0.4284
vn -0.1843 -0.6725 0.7168
vn -0.1476 0.8052 0.5743
vn -0.1472 -0.8051 0.5746
vn -0.1843 0.6725 0.7168
vn -0.1101 -0.8969 0.4284
vn -0.2169 0.4910 0.8437
vn -0.0730 -0.9559 0.2845
vn -0.2403 0.2614 0.9349
vn -0.0369 -0.9890 0.1435
vn -0.1848 -0.8573 0.4804
vn -0.1340 -0.9278 0.3482
vn -0.2400 0.7441 0.6235
vn -0.2953 0.5686 0.7678
vn -0.0872 -0.9700 0.2268
vn -0.3407 0.3152 0.8858
vn -0.0435 -0.9926 0.1131
vn -0.3590 -0.0000 0.9333
vn -0.0612 0.9851 0.1609
vn -0.3407 -0.3152 0.8858
vn -0.0872 0.9700 0.2268
vn -0.2953 -0.5686 0.7678
vn -0.1340 0.9278 0.3482
vn -0.2398 -0.7442 0.6234
vn -0.1848 0.8574 0.4804
vn -0.4828 -0.4019 0.7780
vn -0.3893 -0.6745 0.6273
vn -0.0982 0.9825 0.1582
vn -0.1535 0.9567 0.2473
vn -0.2962 -0.8273 0.4773
vn -0.2181 0.9105 0.3514
vn -0.2181 -0.9105 0.3514
vn -0.2962 0.8273 0.4773
vn -0.1535 -0.9567 0.2473
vn -0.3893 0.6745 0.6273
vn -0.0982 -0.9825 0.1582
vn -0.4828 0.4019 0.7780
vn -0.0485 -0.9958 0.0782
vn -0.5273 -0.0000 0.8497
vn -0.0764 0.9899 0.1196
vn -0.1549 -0.9863 0.0560
vn -0.1106 -0.9926 0.0507
vn -0.4843 0.7905 0.3748
vn -0.6721 0.5270 0.5201
vn -0.0516 -0.9979 0.0399
vn -0.7909 -0.0000 0.6120
vn 0.0198 0.7303 0.6829
vn -0.6725 -0.5616 0.4820
vn -0.0952 0.7092 0.6985
vn -0.5247 -0.7061 0.4756
vn -0.1752 0.7729 0.6098
vn -0.3258 -0.6751 0.6619
vn -0.2481 0.9392 0.2374
vn -0.1045 -0.9260 0.3628
vn -0.3426 0.9013 0.2651
vn -0.2229 0.9748 -0.0000
vn -0.2448 0.9696 -0.0054
vn -0.6536 -0.7568 -0.0000
vn -0.6348 -0.7726 -0.0095
vn -0.2626 0.9649 -0.0000
vn -0.1962 -0.9805 -0.0113
vn -0.3613 0.9324 -0.0000
vn 0.1206 -0.9927 -0.0053
vn -0.5298 0.8481 -0.0000
vn -0.1234 -0.9924 -0.0000
vn -0.7927 0.6096 -0.0000
vn -0.0528 -0.9986 -0.0000
vn -1.0000 -0.0000 -0.0000
vn 0.4680 0.8837 -0.0065
vn -0.7692 -0.6390 -0.0008
vn -0.4843 0.7905 -0.3748
vn -0.6721 0.5270 -0.5201
vn -0.1107 -0.9926 -0.0507
vn -0.0516 -0.9979 -0.0399
vn -0.7909 -0.0000 -0.6120
vn 0.0218 0.7294 -0.6838
vn -0.6725 -0.5611 -0.4826
vn -0.0934 0.7087 -0.6993
vn -0.5219 -0.7025 -0.4838
vn -0.1811 0.7724 -0.6088
vn -0.3292 -0.6756 -0.6596
vn -0.2481 0.9392 -0.2374
vn -0.1089 -0.9263 -0.3608
vn -0.3426 0.9013 -0.2651
vn -0.1641 -0.9849 -0.0552
vn -0.3893 -0.6745 -0.6273
vn -0.2962 -0.8273 -0.4773
vn -0.1535 0.9567 -0.2473
vn -0.2181 0.9105 -0.3514
vn -0.2181 -0.9105 -0.3514
vn -0.2962 0.8273 -0.4773
vn -0.1535 -0.9567 -0.2473
vn -0.3893 0.6745 -0.6273
vn -0.0982 -0.9825 -0.1582
vn -0.4828 0.4019 -0.7780
vn -0.0485 -0.9958 -0.0782
vn -0.5273 -0.0000 -0.8497
vn -0.0764 0.9899 -0.1196
vn -0.4828 -0.4019 -0.7780
vn -0.0982 0.9825 -0.1582
vn -0.0872 -0.9700 -0.2268
vn -0.0435 -0.9926 -0.1132
vn -0.3407 0.3152 -0.8858
vn -0.3590 -0.0000 -0.9333
vn -0.0612 0.9851 -0.1609
vn -0.3407 -0.3152 -0.8858
vn -0.0872 0.9700 -0.2268
vn -0.2953 -0.5686 -0.7678
vn -0.1340 0.9278 -0.3482
vn -0.2398 -0.7442 -0.6234
vn -0.1848 0.8573 -0.4804
vn -0.1848 -0.8574 -0.4804
vn -0.2398 0.7442 -0.6234
vn -0.1340 -0.9278 -0.3482
vn -0.2953 0.5686 -0.7678
vn -0.1101 0.8969 -0.4284
vn -0.1475 0.8052 -0.5744
vn -0.1843 -0.6724 -0.7168
vn -0.1474 -0.8052 -0.5744
vn -0.1843 0.6724 -0.7168
vn -0.1101 -0.8969 -0.4284
vn -0.2169 0.4910 -0.8437
vn -0.0730 -0.9559 -0.2846
vn -0.2403 0.2614 -0.9348
vn -0.0369 -0.9890 -0.1435
vn -0.2490 -0.0000 -0.9685
vn -0.0452 0.9817 -0.1848
vn -0.2403 -0.2614 -0.9348
vn -0.0730 0.9559 -0.2846
vn -0.2169 -0.4910 -0.8437
vn -0.1648 0.2281 -0.9596
vn -0.1693 -0.0000 -0.9856
vn -0.0315 0.9798 -0.1974
vn -0.0288 -0.9853 -0.1681
vn -0.1648 -0.2281 -0.9596
vn -0.0566 0.9424 -0.3297
vn -0.1521 -0.4384 -0.8858
vn -0.0835 0.8689 -0.4879
vn -0.1331 -0.6181 -0.7747
vn -0.1097 0.7616 -0.6387
vn -0.1087 -0.7621 -0.6383
vn -0.1331 0.6181 -0.7748
vn -0.0791 -0.8690 -0.4885
vn -0.1521 0.4384 -0.8858
vn -0.0543 -0.9388 -0.3403
vn -0.0862 -0.5810 -0.8093
vn -0.0876 -0.7224 -0.6859
vn -0.0724 0.7296 -0.6800
vn -0.0862 0.5810 -0.8093
vn -0.1852 -0.8470 -0.4983
vn -0.0968 0.4050 -0.9092
vn -0.1426 -0.9863 -0.0826
vn -0.1036 0.2081 -0.9726
vn -0.0198 -0.9823 -0.1862
vn -0.1059 -0.0000 -0.9944
vn -0.0196 0.9790 -0.2030
vn -0.1036 -0.2081 -0.9726
vn -0.0386 0.9313 -0.3622
vn -0.0968 -0.4050 -0.9092
vn -0.0563 0.8471 -0.5285
vn -0.0101 -0.9803 -0.1972
vn -0.0511 -0.0000 -0.9987
vn -0.0501 -0.1973 -0.9791
vn -0.0089 0.9791 -0.2031
vn -0.0195 0.9242 -0.3815
vn -0.0471 -0.3865 -0.9211
vn -0.0282 0.8333 -0.5521
vn -0.0423 -0.5597 -0.8276
vn -0.0359 0.7105 -0.7028
vn -0.1104 -0.5894 -0.8002
vn -0.0423 0.5597 -0.8276
vn -0.2965 -0.9174 -0.2656
vn -0.0472 0.3866 -0.9210
vn -0.1318 -0.9632 0.2343
vn -0.0501 0.1973 -0.9791
vn 0.0315 -0.5122 -0.8583
vn 0.1260 -0.9802 -0.1525
vn -0.0000 0.5528 -0.8333
vn -0.0000 0.3805 -0.9248
vn 0.0802 -0.9592 0.2711
vn -0.0000 0.1941 -0.9810
vn -0.0000 -0.9796 -0.2010
vn -0.0000 -0.0000 -1.0000
vn 0.0009 0.9801 -0.1984
vn -0.0000 -0.1941 -0.9810
vn -0.0000 0.9217 -0.3879
vn -0.0000 -0.3805 -0.9248
vn -0.0000 0.8286 -0.5598
vn -0.0000 -0.5528 -0.8333
vn -0.0000 0.7041 -0.7101
vn 0.0100 0.9819 -0.1889
vn 0.0195 0.9242 -0.3815
vn 0.0502 -0.1974 -0.9790
vn 0.0471 -0.3864 -0.9211
vn 0.0282 0.8333 -0.5521
vn 0.0423 -0.5597 -0.8276
vn 0.0359 0.7104 -0.7028
vn 0.0691 -0.6605 -0.7476
vn 0.0423 0.5597 -0.8276
vn 0.1856 -0.7867 -0.5887
vn 0.0471 0.3865 -0.9211
vn 0.1731 -0.9848 -0.0153
vn 0.0502 0.1973 -0.9790
vn 0.0101 -0.9803 -0.1972
vn 0.0512 -0.0000 -0.9987
vn 0.0862 0.5810 -0.8093
vn 0.0968 0.4050 -0.9092
vn 0.0559 -0.8471 -0.5285
vn 0.0383 -0.9311 -0.3627
vn 0.1036 0.2081 -0.9726
vn 0.0198 -0.9823 -0.1862
vn 0.1059 -0.0000 -0.9944
vn 0.0185 0.9844 -0.1747
vn 0.1036 -0.2081 -0.9726
vn 0.0386 0.9314 -0.3621
vn 0.0968 -0.4050 -0.9092
vn 0.0563 0.8470 -0.5286
vn 0.0862 -0.5811 -0.8093
vn 0.0724 0.7297 -0.6800
vn 0.0723 -0.7298 -0.6798
vn 0.1648 -0.2281 -0.9596
vn 0.1521 -0.4384 -0.8858
vn 0.0565 0.9424 -0.3297
vn 0.0838 0.8688 -0.4880
vn 0.1331 -0.6181 -0.7747
vn 0.1097 0.7617 -0.6386
vn 0.1097 -0.7617 -0.6386
vn 0.1331 0.6181 -0.7747
vn 0.0838 -0.8688 -0.4880
vn 0.1521 0.4384 -0.8858
vn 0.0566 -0.9424 -0.3297
vn 0.1648 0.2281 -0.9596
vn 0.0287 -0.9853 -0.1681
vn 0.1693 -0.0000 -0.9856
vn 0.0264 0.9874 -0.1558
vn 0.1101 -0.8969 -0.4284
vn 0.0731 -0.9559 -0.2844
vn 0.2625 0.5378 -0.8012
vn 0.2632 0.3610 -0.8947
vn 0.0368 -0.9890 -0.1436
vn 0.2490 -0.0000 -0.9685
vn 0.0335 0.9907 -0.1320
vn 0.2403 -0.2614 -0.9348
vn 0.0731 0.9559 -0.2844
vn 0.2169 -0.4910 -0.8437
vn 0.1101 0.8968 -0.4285
vn 0.1843 -0.6724 -0.7169
vn 0.1475 0.8052 -0.5744
vn 0.1474 -0.8052 -0.5744
vn 0.2110 0.6583 -0.7226
vn 0.0872 0.9700 -0.2268
vn 0.1340 0.9278 -0.3482
vn 0.2868 -0.5713 -0.7690
vn 0.2411 -0.7440 -0.6231
vn 0.1848 0.8574 -0.4804
vn 0.1848 -0.8574 -0.4804
vn 0.2684 0.6636 -0.6983
vn 0.1340 -0.9278 -0.3482
vn 0.2463 0.6392 -0.7285
vn 0.0872 -0.9700 -0.2269
vn 0.3223 0.4981 -0.8050
vn 0.0435 -0.9926 -0.1132
vn 0.3627 -0.0089 -0.9319
vn 0.0393 0.9938 -0.1037
vn 0.3295 -0.3042 -0.8938
vn 0.3249 0.5970 -0.7335
vn 0.3942 0.4738 -0.7875
vn 0.0982 -0.9825 -0.1582
vn 0.0485 -0.9958 -0.0782
vn 0.5290 -0.5776 -0.6218
vn 0.0439 0.9964 -0.0719
vn 0.4606 -0.3351 -0.8219
vn 0.0982 0.9825 -0.1582
vn 0.4317 0.7480 -0.5041
vn 0.1535 0.9567 -0.2473
vn 0.2969 -0.8263 -0.4786
vn 0.2181 0.9105 -0.3514
vn 0.2181 -0.9105 -0.3514
vn 0.2953 0.7655 -0.5717
vn 0.1535 -0.9567 -0.2473
vn 0.4290 0.8731 -0.2317
vn 0.3407 -0.9018 -0.2657
vn 0.1665 0.9776 -0.1288
vn 0.2421 0.9520 -0.1873
vn 0.2421 -0.9520 -0.1873
vn 0.3426 0.9013 -0.2651
vn 0.1665 -0.9776 -0.1288
vn 0.4843 0.7905 -0.3748
vn 0.1052 -0.9911 -0.0814
vn 0.6763 0.5148 -0.5268
vn 0.0516 -0.9979 -0.0399
vn 0.5928 -0.7200 -0.3608
vn 0.0471 0.9982 -0.0371
vn 0.5246 0.8509 -0.0281
vn 0.1052 0.9911 -0.0814
vn 0.1075 -0.9942 -0.0000
vn 0.0527 -0.9986 -0.0000
vn 0.7997 0.6004 -0.0000
vn 0.6067 -0.7949 -0.0000
vn 0.0485 0.9988 -0.0000
vn 0.4998 0.8661 0.0001
vn 0.1075 0.9942 -0.0000
vn 0.4273 0.9041 0.0001
vn 0.1711 0.9853 -0.0000
vn 0.3583 -0.9336 -0.0000
vn 0.2510 0.9680 -0.0000
vn 0.2510 -0.9680 -0.0000
vn 0.3613 0.9324 -0.0000
vn 0.1711 -0.9853 -0.0000
vn 0.5298 0.8481 -0.0000
vn 0.3407 -0.9018 0.2657
vn 0.2421 -0.9520 0.1873
vn 0.2421 0.9520 0.1873
vn 0.3426 0.9013 0.2651
vn 0.1665 -0.9776 0.1288
vn 0.4843 0.7905 0.3748
vn 0.1052 -0.9911 0.0814
vn 0.6763 0.5148 0.5268
vn 0.0516 -0.9979 0.0399
vn 0.5928 -0.7200 0.3609
vn 0.0471 0.9982 0.0371
vn 0.5246 0.8509 0.0282
vn 0.1052 0.9911 0.0814
vn 0.4290 0.8731 0.2317
vn 0.1665 0.9776 0.1288
vn 0.0439 0.9964 0.0719
vn 0.0485 -0.9958 0.0782
vn 0.5290 -0.5776 0.6218
vn 0.4606 -0.3351 0.8219
vn 0.0982 0.9825 0.1582
vn 0.4318 0.7480 0.5041
vn 0.1535 0.9567 0.2473
vn 0.2969 -0.8263 0.4786
vn 0.2181 0.9105 0.3514
vn 0.2181 -0.9105 0.3514
vn 0.2953 0.7655 0.5716
vn 0.1535 -0.9567 0.2473
vn 0.3249 0.5970 0.7335
vn 0.0982 -0.9825 0.1582
vn 0.3942 0.4738 0.7875
vn 0.1848 0.8574 0.4804
vn 0.2684 0.6636 0.6983
vn 0.1848 -0.8573 0.4804
vn 0.1340 -0.9278 0.3482
vn 0.2463 0.6392 0.7285
vn 0.0872 -0.9700 0.2268
vn 0.3223 0.4981 0.8050
vn 0.0435 -0.9926 0.1131
vn 0.3627 -0.0089 0.9319
vn 0.0393 0.9938 0.1037
vn 0.3295 -0.3042 0.8938
vn 0.0872 0.9700 0.2268
vn 0.2868 -0.5713 0.7690
vn 0.1340 0.9278 0.3482
vn 0.2411 -0.7440 0.6231
vn 0.2490 -0.0000 0.9685
vn 0.2403 -0.2614 0.9348
vn 0.0335 0.9907 0.1320
vn 0.0731 0.9559 0.2845
vn 0.2169 -0.4910 0.8437
vn 0.1101 0.8969 0.4284
vn 0.1843 -0.6725 0.7168
vn 0.1476 0.8052 0.5743
vn 0.1474 -0.8051 0.5745
vn 0.2110 0.6583 0.7226
vn 0.1101 -0.8969 0.4284
vn 0.2625 0.5378 0.8012
vn 0.0731 -0.9559 0.2845
vn 0.2632 0.3610 0.8947
vn 0.0369 -0.9890 0.1435
vn 0.1097 -0.7617 0.6386
vn 0.0836 -0.8689 0.4880
vn 0.1331 0.6181 0.7748
vn 0.1521 0.4384 0.8858
vn 0.0566 -0.9424 0.3297
vn 0.1648 0.2281 0.9596
vn 0.0288 -0.9853 0.1681
vn 0.1693 -0.0000 0.9856
vn 0.0266 0.9874 0.1557
vn 0.1648 -0.2281 0.9596
vn 0.0566 0.9424 0.3297
vn 0.1521 -0.4384 0.8858
vn 0.0836 0.8689 0.4880
vn 0.1331 -0.6181 0.7747
vn 0.1097 0.7617 0.6386
vn 0.0186 0.9844 0.1749
vn 0.0386 0.9314 0.3621
vn 0.1036 -0.2081 0.9726
vn 0.0968 -0.4050 0.9092
vn 0.0563 0.8470 0.5286
vn 0.0862 -0.5810 0.8093
vn 0.0724 0.7298 0.6799
vn 0.0722 -0.7299 0.6797
vn 0.0862 0.5811 0.8092
vn 0.0558 -0.8471 0.5285
vn 0.0968 0.4050 0.9092
vn 0.0382 -0.9310 0.3631
vn 0.1036 0.2081 0.9726
vn 0.0198 -0.9823 0.1862
vn 0.1059 -0.0000 0.9944
vn 0.0423 0.5598 0.8275
vn 0.0472 0.3866 0.9210
vn 0.1904 -0.7865 0.5875
vn 0.1731 -0.9847 0.0212
vn 0.0501 0.1973 0.9791
vn 0.0101 -0.9803 0.1972
vn 0.0511 -0.0000 0.9987
vn 0.0100 0.9819 0.1889
vn 0.0501 -0.1973 0.9791
vn 0.0195 0.9242 0.3815
vn 0.0472 -0.3866 0.9210
vn 0.0282 0.8333 0.5521
vn 0.0423 -0.5597 0.8276
vn 0.0359 0.7105 0.7028
vn 0.0688 -0.6620 0.7463
vn -0.0213 -0.1812 0.9832
vn -0.0133 -0.2593 0.9657
vn -0.0123 -0.2604 0.9654
vn -0.0191 -0.1994 0.9797
vn -0.0032 -0.1991 0.9800
vn -0.0026 -0.2597 0.9657
vn 0.0112 -0.2575 0.9662
vn 0.0153 -0.1916 0.9814
vn -0.0257 -0.1384 0.9900
vn -0.0003 -0.1397 0.9902
vn -0.0277 -0.1334 0.9907
vn -0.0255 -0.1347 0.9906
vn 0.0185 -0.1394 0.9901
vn -0.1694 -0.3285 -0.9292
vn -0.1556 0.0165 0.9877
vn -0.1556 0.0165 -0.9877
vn -0.1694 -0.3284 0.9292
vn -0.1505 -0.0773 0.9856
vn -0.0826 0.7745 0.6272
vn -0.1505 -0.0773 -0.9856
vn -0.0825 -0.7744 0.6273
vn -0.1694 0.3283 -0.9292
vn -0.1694 0.3284 0.9292
vn -0.0825 0.7745 -0.6272
vn -0.1376 -0.0000 -0.9905
vn -0.1556 -0.0165 -0.9877
vn -0.1504 0.0773 -0.9856
vn -0.1376 -0.0000 0.9905
vn -0.1505 0.0774 0.9856
vn -0.1556 -0.0166 0.9877
vn -0.1519 -0.0000 -0.9884
vn -0.1519 -0.0000 0.9884
vn -0.0826 -0.7744 -0.6272
vn -0.0000 0.8052 0.5930
vn -0.0000 1.0000 -0.0000
vn -0.0295 0.8103 0.5853
vn -0.0000 -0.8052 0.5930
vn -0.0295 -0.8103 0.5853
vn -0.0000 -0.0508 0.9987
vn -0.0507 -0.0000 0.9987
vn -0.0504 -0.0517 0.9974
vn -0.0000 0.5358 0.8443
vn -0.0423 0.5428 0.8388
vn -0.0000 -0.1055 0.9944
vn -0.0501 -0.1073 0.9930
vn -0.0000 0.3616 0.9323
vn -0.0469 0.3671 0.9290
vn -0.0000 -0.1690 0.9856
vn -0.0497 -0.1718 0.9839
vn -0.0000 0.2491 0.9685
vn -0.0487 0.2533 0.9662
vn -0.0000 -0.2496 0.9684
vn -0.0487 -0.2533 0.9662
vn -0.0000 0.1686 0.9857
vn -0.0496 0.1718 0.9839
vn -0.0000 -0.3614 0.9324
vn -0.0469 -0.3671 0.9290
vn -0.0000 0.1055 0.9944
vn -0.0504 0.1074 0.9929
vn -0.0000 -0.5359 0.8443
vn -0.0423 -0.5428 0.8388
vn -0.0000 0.0508 0.9987
vn -0.0502 0.0517 0.9974
vn -0.1038 0.1133 0.9881
vn -0.1043 0.0546 0.9930
vn -0.0863 -0.5642 0.8211
vn -0.0590 -0.8253 0.5617
vn -0.1045 -0.0000 0.9945
vn -0.0590 0.8252 0.5617
vn -0.1043 -0.0546 0.9930
vn -0.0863 0.5641 0.8212
vn -0.1040 -0.1134 0.9881
vn -0.0964 0.3851 0.9178
vn -0.1029 -0.1813 0.9780
vn -0.1007 0.2668 0.9585
vn -0.1007 -0.2668 0.9585
vn -0.1028 0.1813 0.9780
vn -0.0964 -0.3850 0.9179
vn -0.1658 -0.1247 0.9782
vn -0.1639 -0.1990 0.9662
vn -0.1518 0.4176 0.8959
vn -0.1599 0.2918 0.9430
vn -0.1598 -0.2917 0.9431
vn -0.1638 0.1990 0.9662
vn -0.1518 -0.4176 0.8958
vn -0.1658 0.1247 0.9782
vn -0.1335 -0.6012 0.7878
vn -0.1668 0.0602 0.9842
vn -0.0882 -0.8493 0.5205
vn -0.1672 -0.0000 0.9859
vn -0.0882 0.8493 0.5205
vn -0.1668 -0.0602 0.9842
vn -0.1335 0.6013 0.7878
vn -0.1855 -0.6562 0.7315
vn -0.1164 -0.8807 0.4592
vn -0.2453 0.0695 0.9670
vn -0.2459 -0.0000 0.9693
vn -0.1164 0.8807 0.4592
vn -0.2453 -0.0695 0.9670
vn -0.1855 0.6562 0.7314
vn -0.2433 -0.1438 0.9592
vn -0.2171 0.4692 0.8560
vn -0.2394 -0.2285 0.9436
vn -0.2319 0.3325 0.9142
vn -0.2319 -0.3325 0.9142
vn -0.2394 0.2285 0.9436
vn -0.2171 -0.4692 0.8560
vn -0.2433 0.1438 0.9592
vn -0.3410 -0.2769 0.8983
vn -0.3257 -0.3972 0.8580
vn -0.3257 0.3972 0.8580
vn -0.3410 0.2769 0.8983
vn -0.2973 -0.5463 0.7831
vn -0.3494 0.1756 0.9204
vn -0.2426 -0.7298 0.6391
vn -0.3536 0.0852 0.9315
vn -0.1425 -0.9158 0.3754
vn -0.3549 -0.0000 0.9349
vn -0.1425 0.9158 0.3754
vn -0.3536 -0.0852 0.9315
vn -0.2426 0.7298 0.6392
vn -0.3494 -0.1756 0.9204
vn -0.2973 0.5463 0.7831
vn -0.1641 0.9493 0.2681
vn -0.1641 -0.9493 0.2681
vn -0.5223 -0.0000 0.8528
vn -0.5189 -0.1126 0.8474
vn -0.3016 0.8164 0.4925
vn -0.5083 -0.2298 0.8300
vn -0.3952 0.6536 0.6454
vn -0.4879 -0.3566 0.7967
vn -0.4531 0.4973 0.7399
vn -0.4531 -0.4973 0.7399
vn -0.4879 0.3566 0.7967
vn -0.3952 -0.6536 0.6454
vn -0.5083 0.2298 0.8300
vn -0.3016 -0.8164 0.4925
vn -0.5189 0.1126 0.8474
vn -0.6104 0.6311 0.4787
vn -0.6919 0.4763 0.5426
vn -0.6104 -0.6311 0.4787
vn -0.4974 -0.7749 0.3900
vn -0.7461 0.3178 0.5851
vn -0.3510 -0.8950 0.2753
vn -0.7769 0.1588 0.6092
vn -0.1788 -0.9738 0.1403
vn -0.7869 -0.0000 0.6171
vn -0.1788 0.9738 0.1403
vn -0.7769 -0.1588 0.6092
vn -0.3510 0.8950 0.2753
vn -0.7461 -0.3178 0.5851
vn -0.4974 0.7749 0.3900
vn -0.6919 -0.4763 0.5426
vn -0.9805 -0.1965 -0.0000
vn -0.1840 0.9829 -0.0000
vn -0.3713 0.9285 -0.0000
vn -0.9227 -0.3855 -0.0000
vn -0.5476 0.8367 -0.0000
vn -0.8288 -0.5596 -0.0000
vn -0.7022 0.7120 -0.0000
vn -0.7022 -0.7120 -0.0000
vn -0.8288 0.5596 -0.0000
vn -0.5476 -0.8367 -0.0000
vn -0.9227 0.3855 -0.0000
vn -0.3713 -0.9285 -0.0000
vn -0.9805 0.1965 -0.0000
vn -0.1840 -0.9829 -0.0000
vn -0.6104 -0.6311 -0.4787
vn -0.4974 -0.7749 -0.3900
vn -0.6919 0.4763 -0.5426
vn -0.7461 0.3178 -0.5851
vn -0.3510 -0.8950 -0.2753
vn -0.7769 0.1588 -0.6092
vn -0.1788 -0.9738 -0.1403
vn -0.7869 -0.0000 -0.6171
vn -0.1788 0.9738 -0.1403
vn -0.7769 -0.1588 -0.6092
vn -0.3510 0.8950 -0.2753
vn -0.7461 -0.3178 -0.5851
vn -0.4974 0.7749 -0.3900
vn -0.6919 -0.4763 -0.5426
vn -0.6104 0.6311 -0.4787
vn -0.1641 0.9493 -0.2681
vn -0.3016 0.8164 -0.4925
vn -0.5189 -0.1126 -0.8474
vn -0.5083 -0.2298 -0.8300
vn -0.3952 0.6536 -0.6454
vn -0.4879 -0.3566 -0.7967
vn -0.4531 0.4973 -0.7399
vn -0.4531 -0.4973 -0.7399
vn -0.4879 0.3566 -0.7967
vn -0.3952 -0.6536 -0.6454
vn -0.5083 0.2298 -0.8300
vn -0.3016 -0.8164 -0.4925
vn -0.5189 0.1126 -0.8474
vn -0.1641 -0.9493 -0.2681
vn -0.5223 -0.0000 -0.8528
vn -0.3410 0.2769 -0.8983
vn -0.3494 0.1756 -0.9204
vn -0.2973 -0.5463 -0.7831
vn -0.2426 -0.7298 -0.6391
vn -0.3536 0.0852 -0.9315
vn -0.1425 -0.9158 -0.3754
vn -0.3549 -0.0000 -0.9349
vn -0.1425 0.9158 -0.3754
vn -0.3536 -0.0852 -0.9315
vn -0.2426 0.7298 -0.6391
vn -0.3494 -0.1756 -0.9204
vn -0.2973 0.5463 -0.7831
vn -0.3410 -0.2769 -0.8983
vn -0.3257 0.3972 -0.8580
vn -0.3257 -0.3972 -0.8580
vn -0.2453 -0.0695 -0.9670
vn -0.2433 -0.1437 -0.9592
vn -0.1855 0.6562 -0.7314
vn -0.2171 0.4692 -0.8560
vn -0.2394 -0.2285 -0.9436
vn -0.2319 0.3325 -0.9142
vn -0.2319 -0.3325 -0.9142
vn -0.2394 0.2285 -0.9436
vn -0.2171 -0.4692 -0.8560
vn -0.2433 0.1437 -0.9592
vn -0.1855 -0.6562 -0.7315
vn -0.2453 0.0695 -0.9670
vn -0.1164 -0.8807 -0.4592
vn -0.2459 -0.0000 -0.9693
vn -0.1164 0.8807 -0.4592
vn -0.1518 -0.4176 -0.8959
vn -0.1335 -0.6013 -0.7878
vn -0.1658 0.1247 -0.9782
vn -0.1668 0.0602 -0.9842
vn -0.0882 -0.8493 -0.5205
vn -0.1671 -0.0000 -0.9859
vn -0.0882 0.8493 -0.5205
vn -0.1669 -0.0602 -0.9841
vn -0.1335 0.6013 -0.7878
vn -0.1658 -0.1247 -0.9782
vn -0.1518 0.4176 -0.8959
vn -0.1638 -0.1990 -0.9662
vn -0.1598 0.2917 -0.9431
vn -0.1598 -0.2917 -0.9431
vn -0.1638 0.1990 -0.9662
vn -0.1038 -0.1133 -0.9881
vn -0.1029 -0.1813 -0.9780
vn -0.0964 0.3851 -0.9178
vn -0.1007 0.2668 -0.9585
vn -0.1008 -0.2668 -0.9585
vn -0.1029 0.1813 -0.9780
vn -0.0964 -0.3850 -0.9179
vn -0.1039 0.1133 -0.9881
vn -0.0863 -0.5641 -0.8212
vn -0.1043 0.0546 -0.9930
vn -0.0590 -0.8252 -0.5617
vn -0.1046 -0.0000 -0.9945
vn -0.0590 0.8252 -0.5617
vn -0.1043 -0.0546 -0.9930
vn -0.0863 0.5641 -0.8212
vn -0.0423 -0.5428 -0.8388
vn -0.0295 -0.8103 -0.5853
vn -0.0504 0.0517 -0.9974
vn -0.0507 -0.0000 -0.9987
vn -0.0295 0.8103 -0.5853
vn -0.0511 -0.0518 -0.9973
vn -0.0423 0.5428 -0.8388
vn -0.0502 -0.1073 -0.9930
vn -0.0469 0.3671 -0.9290
vn -0.0498 -0.1719 -0.9839
vn -0.0487 0.2533 -0.9662
vn -0.0486 -0.2533 -0.9662
vn -0.0498 0.1719 -0.9839
vn -0.0470 -0.3672 -0.9290
vn -0.0503 0.1073 -0.9929
vn -0.0000 0.3616 -0.9323
vn -0.0000 0.2493 -0.9684
vn -0.0000 -0.1690 -0.9856
vn -0.0000 -0.2490 -0.9685
vn -0.0000 0.1690 -0.9856
vn -0.0000 -0.3615 -0.9324
vn -0.0000 0.1055 -0.9944
vn -0.0000 -0.5358 -0.8443
vn -0.0000 0.0508 -0.9987
vn -0.0000 -0.8052 -0.5930
vn -0.0000 0.8052 -0.5930
vn -0.0000 -0.0508 -0.9987
vn -0.0000 0.5358 -0.8444
vn -0.0000 -0.1055 -0.9944
vn 0.0505 0.0517 -0.9974
vn 0.0295 0.8103 -0.5853
vn 0.0295 -0.8103 -0.5853
vn 0.0505 -0.0517 -0.9974
vn 0.0423 0.5428 -0.8388
vn 0.0501 -0.1073 -0.9930
vn 0.0469 0.3671 -0.9290
vn 0.0497 -0.1718 -0.9839
vn 0.0487 0.2533 -0.9662
vn 0.0486 -0.2532 -0.9662
vn 0.0497 0.1718 -0.9839
vn 0.0469 -0.3671 -0.9290
vn 0.0502 0.1073 -0.9930
vn 0.0423 -0.5428 -0.8388
vn 0.1028 -0.1813 -0.9780
vn 0.1008 -0.2669 -0.9584
vn 0.1008 0.2669 -0.9584
vn 0.1028 0.1813 -0.9780
vn 0.0964 -0.3851 -0.9178
vn 0.1039 0.1133 -0.9881
vn 0.0863 -0.5641 -0.8212
vn 0.1043 0.0546 -0.9930
vn 0.0590 -0.8252 -0.5617
vn 0.1046 -0.0000 -0.9945
vn 0.0590 0.8252 -0.5617
vn 0.1044 -0.0546 -0.9930
vn 0.0863 0.5641 -0.8212
vn 0.1038 -0.1133 -0.9881
vn 0.0964 0.3850 -0.9178
vn 0.0882 0.8493 -0.5206
vn 0.0882 -0.8493 -0.5205
vn 0.1671 -0.0000 -0.9859
vn 0.1668 -0.0602 -0.9842
vn 0.1335 0.6012 -0.7878
vn 0.1658 -0.1247 -0.9782
vn 0.1518 0.4176 -0.8959
vn 0.1639 -0.1990 -0.9662
vn 0.1598 0.2917 -0.9431
vn 0.1598 -0.2917 -0.9431
vn 0.1638 0.1990 -0.9662
vn 0.1518 -0.4176 -0.8959
vn 0.1658 0.1247 -0.9782
vn 0.1335 -0.6012 -0.7879
vn 0.1668 0.0602 -0.9841
vn 0.2319 0.3325 -0.9142
vn 0.2394 0.2285 -0.9436
vn 0.2319 -0.3325 -0.9142
vn 0.2171 -0.4692 -0.8560
vn 0.2433 0.1438 -0.9592
vn 0.1856 -0.6563 -0.7313
vn 0.2453 0.0695 -0.9670
vn 0.1164 -0.8807 -0.4592
vn 0.2459 -0.0000 -0.9693
vn 0.1164 0.8807 -0.4592
vn 0.2453 -0.0695 -0.9670
vn 0.1855 0.6562 -0.7314
vn 0.2433 -0.1438 -0.9592
vn 0.2171 0.4692 -0.8560
vn 0.2394 -0.2285 -0.9436
vn 0.3549 -0.0000 -0.9349
vn 0.3536 -0.0852 -0.9315
vn 0.1425 0.9158 -0.3754
vn 0.2426 0.7298 -0.6391
vn 0.3494 -0.1756 -0.9204
vn 0.2973 0.5463 -0.7831
vn 0.3410 -0.2769 -0.8983
vn 0.3257 0.3972 -0.8580
vn 0.3257 -0.3972 -0.8580
vn 0.3410 0.2769 -0.8983
vn 0.2973 -0.5463 -0.7831
vn 0.3494 0.1756 -0.9204
vn 0.2426 -0.7298 -0.6391
vn 0.3536 0.0852 -0.9315
vn 0.1425 -0.9158 -0.3754
vn 0.4531 -0.4973 -0.7399
vn 0.3952 -0.6536 -0.6454
vn 0.4879 0.3566 -0.7967
vn 0.5083 0.2298 -0.8300
vn 0.3016 -0.8164 -0.4925
vn 0.5189 0.1126 -0.8474
vn 0.1641 -0.9493 -0.2681
vn 0.5223 -0.0000 -0.8528
vn 0.1641 0.9493 -0.2681
vn 0.5189 -0.1126 -0.8474
vn 0.3016 0.8164 -0.4925
vn 0.5083 -0.2298 -0.8300
vn 0.3952 0.6536 -0.6454
vn 0.4879 -0.3566 -0.7967
vn 0.4531 0.4973 -0.7399
vn 0.7770 -0.1588 -0.6092
vn 0.7461 -0.3178 -0.5851
vn 0.3510 0.8950 -0.2753
vn 0.4974 0.7749 -0.3900
vn 0.6919 -0.4763 -0.5426
vn 0.6104 0.6311 -0.4787
vn 0.6104 -0.6311 -0.4787
vn 0.6919 0.4763 -0.5426
vn 0.4974 -0.7749 -0.3900
vn 0.7461 0.3178 -0.5851
vn 0.3510 -0.8950 -0.2753
vn 0.7770 0.1588 -0.6092
vn 0.1788 -0.9738 -0.1403
vn 0.7869 -0.0000 -0.6171
vn 0.1788 0.9738 -0.1403
vn 0.5476 -0.8367 -0.0000
vn 0.3713 -0.9285 -0.0000
vn 0.9227 0.3855 -0.0000
vn 0.9805 0.1965 -0.0000
vn 0.1840 -0.9829 -0.0000
vn 1.0000 -0.0000 -0.0000
vn 0.1840 0.9829 -0.0000
vn 0.9805 -0.1964 -0.0000
vn 0.3713 0.9285 -0.0000
vn 0.9227 -0.3855 -0.0000
vn 0.5476 0.8367 -0.0000
vn 0.8288 -0.5596 -0.0000
vn 0.7022 0.7120 -0.0000
vn 0.7022 -0.7120 -0.0000
vn 0.8288 0.5596 -0.0000
vn 0.3510 0.8950 0.2753
vn 0.4974 0.7749 0.3900
vn 0.7461 -0.3178 0.5851
vn 0.6919 -0.4763 0.5426
vn 0.6104 0.6311 0.4787
vn 0.6104 -0.6311 0.4787
vn 0.6919 0.4763 0.5426
vn 0.4974 -0.7749 0.3900
vn 0.7461 0.3178 0.5851
vn 0.3510 -0.8950 0.2753
vn 0.7770 0.1588 0.6092
vn 0.1788 -0.9738 0.1403
vn 0.7869 -0.0000 0.6171
vn 0.1788 0.9738 0.1403
vn 0.7770 -0.1588 0.6092
vn 0.5083 0.2298 0.8300
vn 0.5189 0.1126 0.8474
vn 0.3016 -0.8164 0.4925
vn 0.1641 -0.9493 0.2681
vn 0.5223 -0.0000 0.8528
vn 0.1641 0.9493 0.2681
vn 0.5189 -0.1126 0.8474
vn 0.3016 0.8164 0.4925
vn 0.5083 -0.2298 0.8300
vn 0.3952 0.6536 0.6454
vn 0.4879 -0.3566 0.7967
vn 0.4531 0.4973 0.7399
vn 0.4531 -0.4973 0.7399
vn 0.4879 0.3566 0.7967
vn 0.3952 -0.6536 0.6454
vn 0.3494 -0.1756 0.9204
vn 0.3410 -0.2769 0.8983
vn 0.2973 0.5463 0.7831
vn 0.3257 0.3972 0.8580
vn 0.3257 -0.3972 0.8580
vn 0.3410 0.2769 0.8983
vn 0.2973 -0.5463 0.7831
vn 0.3494 0.1756 0.9204
vn 0.2426 -0.7298 0.6392
vn 0.3536 0.0852 0.9315
vn 0.1425 -0.9158 0.3754
vn 0.3549 -0.0000 0.9349
vn 0.1425 0.9158 0.3754
vn 0.3536 -0.0852 0.9315
vn 0.2426 0.7298 0.6391
vn 0.1855 -0.6562 0.7314
vn 0.1164 -0.8807 0.4592
vn 0.2453 0.0695 0.9670
vn 0.2459 -0.0000 0.9693
vn 0.1164 0.8807 0.4592
vn 0.2453 -0.0695 0.9670
vn 0.1855 0.6563 0.7313
vn 0.2433 -0.1438 0.9592
vn 0.2171 0.4692 0.8560
vn 0.2394 -0.2285 0.9436
vn 0.2319 0.3325 0.9142
vn 0.2319 -0.3325 0.9142
vn 0.2394 0.2285 0.9436
vn 0.2171 -0.4692 0.8560
vn 0.2433 0.1438 0.9592
vn 0.1518 0.4176 0.8959
vn 0.1599 0.2918 0.9430
vn 0.1638 -0.1990 0.9662
vn 0.1598 -0.2917 0.9431
vn 0.1638 0.1990 0.9662
vn 0.1518 -0.4176 0.8959
vn 0.1659 0.1247 0.9782
vn 0.1335 -0.6013 0.7878
vn 0.1668 0.0602 0.9842
vn 0.0882 -0.8493 0.5205
vn 0.1671 -0.0000 0.9859
vn 0.0882 0.8493 0.5205
vn 0.1669 -0.0602 0.9841
vn 0.1335 0.6013 0.7878
vn 0.1658 -0.1247 0.9782
vn 0.1045 0.0546 0.9930
vn 0.1045 -0.0000 0.9945
vn 0.0590 0.8252 0.5617
vn 0.0590 -0.8252 0.5617
vn 0.1045 -0.0546 0.9930
vn 0.0863 0.5641 0.8212
vn 0.1039 -0.1133 0.9881
vn 0.0964 0.3851 0.9178
vn 0.1029 -0.1813 0.9780
vn 0.1007 0.2668 0.9585
vn 0.1007 -0.2668 0.9585
vn 0.1028 0.1813 0.9780
vn 0.0963 -0.3849 0.9179
vn 0.1040 0.1133 0.9881
vn 0.0863 -0.5641 0.8212
vn 0.0498 -0.1719 0.9839
vn 0.0487 -0.2533 0.9662
vn 0.0489 0.2535 0.9661
vn 0.0498 0.1719 0.9839
vn 0.0470 -0.3672 0.9290
vn 0.0502 0.1073 0.9930
vn 0.0423 -0.5428 0.8388
vn 0.0505 0.0517 0.9974
vn 0.0295 -0.8103 0.5853
vn 0.0505 -0.0000 0.9987
vn 0.0295 0.8103 0.5853
vn 0.0505 -0.0517 0.9974
vn 0.0423 0.5428 0.8388
vn 0.0501 -0.1073 0.9930
vn 0.0469 0.3672 0.9290
vn -0.0505 -0.0000 0.9987
vn -0.0511 -0.0518 0.9974
vn -0.0503 -0.1073 0.9929
vn -0.0499 -0.1719 0.9838
vn -0.0000 0.2493 0.9684
vn -0.0486 0.2533 0.9662
vn -0.0488 -0.2534 0.9661
vn -0.0000 0.1690 0.9856
vn -0.0497 0.1718 0.9839
vn -0.0000 -0.3616 0.9323
vn -0.0509 0.1075 0.9929
vn -0.0505 0.0517 0.9974
vn -0.1046 0.0546 0.9930
vn -0.0863 -0.5641 0.8212
vn -0.0590 -0.8252 0.5617
vn -0.1046 -0.0000 0.9945
vn -0.1045 -0.0546 0.9930
vn -0.1039 -0.1133 0.9881
vn -0.0964 0.3850 0.9178
vn -0.1028 -0.1813 0.9780
vn -0.1006 0.2667 0.9585
vn -0.1008 -0.2668 0.9585
vn -0.1638 -0.1990 0.9662
vn -0.1598 0.2917 0.9431
vn -0.1518 -0.4176 0.8959
vn -0.1335 -0.6013 0.7878
vn -0.1671 -0.0000 0.9859
vn -0.1855 -0.6563 0.7314
vn -0.1855 0.6563 0.7313
vn -0.2427 -0.7297 0.6392
vn -0.7770 -0.1588 -0.6092
vn -0.2426 -0.7299 -0.6391
vn -0.1425 0.9159 -0.3754
vn -0.2433 -0.1438 -0.9592
vn -0.2319 -0.3325 -0.9141
vn -0.2433 0.1438 -0.9592
vn -0.1855 -0.6563 -0.7314
vn -0.1335 -0.6012 -0.7878
vn -0.1668 -0.0602 -0.9842
vn -0.1599 0.2918 -0.9430
vn -0.1030 -0.1814 -0.9780
vn -0.0964 0.3850 -0.9179
vn -0.1007 -0.2668 -0.9585
vn -0.1029 0.1814 -0.9780
vn -0.0964 -0.3850 -0.9178
vn -0.1038 0.1133 -0.9881
vn -0.0590 -0.8253 -0.5617
vn -0.1045 -0.0000 -0.9945
vn -0.0506 0.0517 -0.9974
vn -0.0504 -0.0000 -0.9987
vn -0.0506 -0.0517 -0.9974
vn -0.0500 -0.1720 -0.9838
vn -0.0486 0.2533 -0.9662
vn -0.0489 -0.2534 -0.9661
vn -0.0499 0.1719 -0.9838
vn -0.0469 -0.3671 -0.9290
vn -0.0502 0.1073 -0.9930
vn -0.0000 0.3615 -0.9324
vn -0.0000 0.2491 -0.9685
vn -0.0000 -0.2496 -0.9684
vn -0.0000 -0.3617 -0.9323
vn -0.0000 -0.5358 -0.8444
vn 0.0504 -0.0000 -0.9987
vn 0.0503 -0.0517 -0.9974
vn 0.0500 -0.1073 -0.9930
vn 0.0488 -0.2533 -0.9662
vn 0.0470 -0.3672 -0.9289
vn 0.1008 -0.2668 -0.9585
vn 0.1007 0.2668 -0.9585
vn 0.1029 0.1814 -0.9780
vn 0.0964 -0.3850 -0.9178
vn 0.1040 0.1133 -0.9881
vn 0.1044 0.0546 -0.9930
vn 0.1045 -0.0000 -0.9945
vn 0.1040 -0.1134 -0.9881
vn 0.0882 0.8493 -0.5205
vn 0.1638 -0.1990 -0.9662
vn 0.1598 -0.2917 -0.9430
vn 0.1335 -0.6012 -0.7878
vn 0.1668 0.0602 -0.9842
vn 0.1855 -0.6563 -0.7314
vn 0.1855 0.6563 -0.7314
vn 0.1425 0.9159 -0.3754
vn 0.7769 -0.1588 -0.6092
vn 0.7769 0.1588 -0.6092
vn 0.9805 -0.1965 -0.0000
vn 0.7769 0.1588 0.6092
vn 0.7769 -0.1588 0.6092
vn 0.2426 -0.7298 0.6391
vn 0.1425 0.9159 0.3754
vn 0.2426 0.7298 0.6392
vn 0.1856 -0.6563 0.7313
vn 0.1855 0.6563 0.7314
vn 0.1598 0.2917 0.9431
vn 0.1639 -0.1990 0.9662
vn 0.1658 0.1247 0.9782
vn 0.1335 -0.6012 0.7878
vn 0.1668 -0.0602 0.9842
vn 0.1044 0.0546 0.9930
vn 0.0590 -0.8253 0.5617
vn 0.1043 -0.0546 0.9930
vn 0.0964 0.3850 0.9178
vn 0.1028 -0.1813 0.9780
vn 0.1029 0.1814 0.9780
vn 0.0964 -0.3850 0.9179
vn 0.1038 0.1133 0.9881
vn 0.0497 -0.1718 0.9839
vn 0.0490 -0.2536 0.9661
vn 0.0486 0.2533 0.9662
vn 0.0499 0.1719 0.9838
vn 0.0470 -0.3672 0.9289
vn 0.0504 0.1074 0.9929
vn 0.0504 0.0517 0.9974
vn 0.0507 -0.0000 0.9987
vn 0.0511 -0.0518 0.9974
vn 0.0499 -0.1073 0.9930
vn 0.0469 0.3671 0.9290
vt 0.328012 0.574588
vt 0.328012 0.574775
vt 0.327919 0.574775
vt 0.327919 0.574588
vt 0.328012 0.575896
vt 0.328012 0.576083
vt 0.327919 0.576083
vt 0.327919 0.575896
vt 0.328012 0.574401
vt 0.327919 0.574401
vt 0.328012 0.575709
vt 0.327919 0.575709
vt 0.328012 0.574214
vt 0.327919 0.574214
vt 0.328012 0.575522
vt 0.327919 0.575522
vt 0.328012 0.574027
vt 0.327919 0.574027
vt 0.328012 0.575335
vt 0.327919 0.575335
vt 0.328012 0.573840
vt 0.327919 0.573840
vt 0.328012 0.575148
vt 0.327919 0.575148
vt 0.328012 0.573653
vt 0.327919 0.573653
vt 0.328012 0.574961
vt 0.327919 0.574961
vt 0.328012 0.576270
vt 0.327965 0.576457
vt 0.327919 0.576270
vt 0.327965 0.573466
vt 0.327872 0.576457
vt 0.327825 0.576270
vt 0.327872 0.573466
vt 0.327825 0.573653
vt 0.327825 0.574961
vt 0.327825 0.574775
vt 0.327825 0.576083
vt 0.327825 0.574588
vt 0.327825 0.575896
vt 0.327825 0.574401
vt 0.327825 0.575709
vt 0.327825 0.574214
vt 0.327825 0.575522
vt 0.327825 0.574027
vt 0.327825 0.575335
vt 0.327825 0.573840
vt 0.327825 0.575148
vt 0.327732 0.575709
vt 0.327732 0.575522
vt 0.327732 0.574214
vt 0.327732 0.574027
vt 0.327732 0.575335
vt 0.327732 0.573840
vt 0.327732 0.575148
vt 0.327732 0.573653
vt 0.327732 0.574961
vt 0.327778 0.576457
vt 0.327732 0.576270
vt 0.327778 0.573466
vt 0.327732 0.574775
vt 0.327732 0.576083
vt 0.327732 0.574588
vt 0.327732 0.575896
vt 0.327732 0.574401
vt 0.327638 0.574961
vt 0.327638 0.574775
vt 0.327638 0.576270
vt 0.327638 0.576083
vt 0.327638 0.574588
vt 0.327638 0.575896
vt 0.327638 0.574401
vt 0.327638 0.575709
vt 0.327638 0.574214
vt 0.327638 0.575522
vt 0.327638 0.574027
vt 0.327638 0.575335
vt 0.327638 0.573840
vt 0.327638 0.575148
vt 0.327638 0.573653
vt 0.327685 0.576457
vt 0.327685 0.573466
vt 0.327545 0.574214
vt 0.327545 0.574027
vt 0.327545 0.575522
vt 0.327545 0.575335
vt 0.327545 0.573840
vt 0.327545 0.575148
vt 0.327545 0.573653
vt 0.327545 0.574961
vt 0.327592 0.576457
vt 0.327545 0.576270
vt 0.327592 0.573466
vt 0.327545 0.574775
vt 0.327545 0.576083
vt 0.327545 0.574588
vt 0.327545 0.575896
vt 0.327545 0.574401
vt 0.327545 0.575709
vt 0.327451 0.574775
vt 0.327451 0.574588
vt 0.327451 0.576083
vt 0.327451 0.575896
vt 0.327451 0.574401
vt 0.327451 0.575709
vt 0.327451 0.574214
vt 0.327451 0.575522
vt 0.327451 0.574027
vt 0.327451 0.575335
vt 0.327451 0.573840
vt 0.327451 0.575148
vt 0.327451 0.573653
vt 0.327451 0.574961
vt 0.327498 0.576457
vt 0.327451 0.576270
vt 0.327498 0.573466
vt 0.327358 0.574027
vt 0.327358 0.573840
vt 0.327358 0.575335
vt 0.327358 0.575148
vt 0.327358 0.573653
vt 0.327358 0.574961
vt 0.327405 0.576457
vt 0.327358 0.576270
vt 0.327405 0.573466
vt 0.327358 0.574775
vt 0.327358 0.576083
vt 0.327358 0.574588
vt 0.327358 0.575896
vt 0.327358 0.574401
vt 0.327358 0.575709
vt 0.327358 0.574214
vt 0.327358 0.575522
vt 0.327265 0.576083
vt 0.327265 0.575896
vt 0.327265 0.574588
vt 0.327265 0.574401
vt 0.327265 0.575709
vt 0.327265 0.574214
vt 0.327265 0.575522
vt 0.327265 0.574027
vt 0.327265 0.575335
vt 0.327265 0.573840
vt 0.327265 0.575148
vt 0.327265 0.573653
vt 0.327265 0.574961
vt 0.327311 0.576457
vt 0.327265 0.576270
vt 0.327311 0.573466
vt 0.327265 0.574775
vt 0.327171 0.575335
vt 0.327171 0.575148
vt 0.327171 0.573840
vt 0.327171 0.573653
vt 0.327171 0.574961
vt 0.327218 0.576457
vt 0.327171 0.576270
vt 0.327218 0.573466
vt 0.327171 0.574775
vt 0.327171 0.576083
vt 0.327171 0.574588
vt 0.327171 0.575896
vt 0.327171 0.574401
vt 0.327171 0.575709
vt 0.327171 0.574214
vt 0.327171 0.575522
vt 0.327171 0.574027
vt 0.327078 0.574588
vt 0.327078 0.574401
vt 0.327078 0.575896
vt 0.327078 0.575709
vt 0.327078 0.574214
vt 0.327078 0.575522
vt 0.327078 0.574027
vt 0.327078 0.575335
vt 0.327078 0.573840
vt 0.327078 0.575148
vt 0.327078 0.573653
vt 0.327078 0.574961
vt 0.327124 0.576457
vt 0.327078 0.576270
vt 0.327124 0.573466
vt 0.327078 0.574775
vt 0.327078 0.576083
vt 0.326984 0.573840
vt 0.326984 0.573653
vt 0.326984 0.575148
vt 0.326984 0.574961
vt 0.327031 0.576457
vt 0.326984 0.576270
vt 0.327031 0.573466
vt 0.326984 0.574775
vt 0.326984 0.576083
vt 0.326984 0.574588
vt 0.326984 0.575896
vt 0.326984 0.574401
vt 0.326984 0.575709
vt 0.326984 0.574214
vt 0.326984 0.575522
vt 0.326984 0.574027
vt 0.326984 0.575335
vt 0.326891 0.575896
vt 0.326891 0.575709
vt 0.326891 0.574401
vt 0.326891 0.574214
vt 0.326891 0.575522
vt 0.326891 0.574027
vt 0.326891 0.575335
vt 0.326891 0.573840
vt 0.326891 0.575148
vt 0.326891 0.573653
vt 0.326891 0.574961
vt 0.326937 0.576457
vt 0.326891 0.576270
vt 0.326937 0.573466
vt 0.326891 0.574775
vt 0.326891 0.576083
vt 0.326891 0.574588
vt 0.326797 0.575148
vt 0.326797 0.574961
vt 0.326844 0.576457
vt 0.326797 0.576270
vt 0.326844 0.573466
vt 0.326797 0.573653
vt 0.326797 0.574775
vt 0.326797 0.576083
vt 0.326797 0.574588
vt 0.326797 0.575896
vt 0.326797 0.574401
vt 0.326797 0.575709
vt 0.326797 0.574214
vt 0.326797 0.575522
vt 0.326797 0.574027
vt 0.326797 0.575335
vt 0.326797 0.573840
vt 0.326704 0.574401
vt 0.326704 0.574214
vt 0.326704 0.575709
vt 0.326704 0.575522
vt 0.326704 0.574027
vt 0.326704 0.575335
vt 0.326704 0.573840
vt 0.326704 0.575148
vt 0.326704 0.573653
vt 0.326704 0.574961
vt 0.326751 0.576457
vt 0.326704 0.576270
vt 0.326751 0.573466
vt 0.326704 0.574775
vt 0.326704 0.576083
vt 0.326704 0.574588
vt 0.326704 0.575896
vt 0.326657 0.573466
vt 0.326610 0.573653
vt 0.326610 0.574961
vt 0.326610 0.574775
vt 0.326610 0.576270
vt 0.326610 0.576083
vt 0.326610 0.574588
vt 0.326610 0.575896
vt 0.326610 0.574401
vt 0.326610 0.575709
vt 0.326610 0.574214
vt 0.326610 0.575522
vt 0.326610 0.574027
vt 0.326610 0.575335
vt 0.326610 0.573840
vt 0.326610 0.575148
vt 0.326657 0.576457
vt 0.326517 0.574214
vt 0.326517 0.574027
vt 0.326517 0.575522
vt 0.326517 0.575335
vt 0.326517 0.573840
vt 0.326517 0.575148
vt 0.326517 0.573653
vt 0.326517 0.574961
vt 0.326564 0.576457
vt 0.326517 0.576270
vt 0.326564 0.573466
vt 0.326517 0.574775
vt 0.326517 0.576083
vt 0.326517 0.574588
vt 0.326517 0.575896
vt 0.326517 0.574401
vt 0.326517 0.575709
vt 0.326424 0.576270
vt 0.326424 0.576083
vt 0.326424 0.574775
vt 0.326424 0.574588
vt 0.326424 0.575896
vt 0.326424 0.574401
vt 0.326424 0.575709
vt 0.326424 0.574214
vt 0.326424 0.575522
vt 0.326424 0.574027
vt 0.326424 0.575335
vt 0.326424 0.573840
vt 0.326424 0.575148
vt 0.326424 0.573653
vt 0.326424 0.574961
vt 0.326470 0.576457
vt 0.326470 0.573466
vt 0.326330 0.575522
vt 0.326330 0.575335
vt 0.326330 0.574027
vt 0.326330 0.573840
vt 0.326330 0.575148
vt 0.326330 0.573653
vt 0.326330 0.574961
vt 0.326377 0.576457
vt 0.326330 0.576270
vt 0.326377 0.573466
vt 0.326330 0.574775
vt 0.326330 0.576083
vt 0.326330 0.574588
vt 0.326330 0.575896
vt 0.326330 0.574401
vt 0.326330 0.575709
vt 0.326330 0.574214
vt 0.326237 0.574775
vt 0.326237 0.574588
vt 0.326237 0.576083
vt 0.326237 0.575896
vt 0.326237 0.574401
vt 0.326237 0.575709
vt 0.326237 0.574214
vt 0.326237 0.575522
vt 0.326237 0.574027
vt 0.326237 0.575335
vt 0.326237 0.573840
vt 0.326237 0.575148
vt 0.326237 0.573653
vt 0.326237 0.574961
vt 0.326283 0.576457
vt 0.326237 0.576270
vt 0.326283 0.573466
vt 0.326143 0.574027
vt 0.326143 0.573840
vt 0.326143 0.575335
vt 0.326143 0.575148
vt 0.326143 0.573653
vt 0.326143 0.574961
vt 0.326190 0.576457
vt 0.326143 0.576270
vt 0.326190 0.573466
vt 0.326143 0.574775
vt 0.326143 0.576083
vt 0.326143 0.574588
vt 0.326143 0.575896
vt 0.326143 0.574401
vt 0.326143 0.575709
vt 0.326143 0.574214
vt 0.326143 0.575522
vt 0.326050 0.576083
vt 0.326050 0.575896
vt 0.326050 0.574588
vt 0.326050 0.574401
vt 0.326050 0.575709
vt 0.326050 0.574214
vt 0.326050 0.575522
vt 0.326050 0.574027
vt 0.326050 0.575335
vt 0.326050 0.573840
vt 0.326050 0.575148
vt 0.326050 0.573653
vt 0.326050 0.574961
vt 0.326097 0.576457
vt 0.326050 0.576270
vt 0.326097 0.573466
vt 0.326050 0.574775
vt 0.325956 0.575335
vt 0.325956 0.575148
vt 0.325956 0.573840
vt 0.325956 0.573653
vt 0.325956 0.574961
vt 0.326003 0.576457
vt 0.325956 0.576270
vt 0.326003 0.573466
vt 0.325956 0.574775
vt 0.325956 0.576083
vt 0.325956 0.574588
vt 0.325956 0.575896
vt 0.325956 0.574401
vt 0.325956 0.575709
vt 0.325956 0.574214
vt 0.325956 0.575522
vt 0.325956 0.574027
vt 0.325863 0.574588
vt 0.325863 0.574401
vt 0.325863 0.575896
vt 0.325863 0.575709
vt 0.325863 0.574214
vt 0.325863 0.575522
vt 0.325863 0.574027
vt 0.325863 0.575335
vt 0.325863 0.573840
vt 0.325863 0.575148
vt 0.325863 0.573653
vt 0.325863 0.574961
vt 0.325910 0.576457
vt 0.325863 0.576270
vt 0.325910 0.573466
vt 0.325863 0.574775
vt 0.325863 0.576083
vt 0.325769 0.573840
vt 0.325769 0.573653
vt 0.325769 0.575148
vt 0.325769 0.574961
vt 0.325816 0.576457
vt 0.325769 0.576270
vt 0.325816 0.573466
vt 0.325769 0.574775
vt 0.325769 0.576083
vt 0.325769 0.574588
vt 0.325769 0.575896
vt 0.325769 0.574401
vt 0.325769 0.575709
vt 0.325769 0.574214
vt 0.325769 0.575522
vt 0.325769 0.574027
vt 0.325769 0.575335
vt 0.328760 0.574214
vt 0.328760 0.574401
vt 0.328666 0.574401
vt 0.328666 0.574214
vt 0.328760 0.575522
vt 0.328760 0.575709
vt 0.328666 0.575709
vt 0.328666 0.575522
vt 0.328760 0.574027
vt 0.328666 0.574027
vt 0.328760 0.575335
vt 0.328666 0.575335
vt 0.328760 0.573840
vt 0.328666 0.573840
vt 0.328760 0.575148
vt 0.328666 0.575148
vt 0.328760 0.573653
vt 0.328666 0.573653
vt 0.328760 0.574961
vt 0.328666 0.574961
vt 0.328760 0.576270
vt 0.328713 0.576457
vt 0.328666 0.576270
vt 0.328713 0.573466
vt 0.328760 0.574775
vt 0.328666 0.574775
vt 0.328760 0.576083
vt 0.328666 0.576083
vt 0.328760 0.574588
vt 0.328666 0.574588
vt 0.328760 0.575896
vt 0.328666 0.575896
vt 0.328619 0.576457
vt 0.328573 0.576270
vt 0.328619 0.573466
vt 0.328573 0.573653
vt 0.328573 0.574961
vt 0.328573 0.574775
vt 0.328573 0.576083
vt 0.328573 0.574588
vt 0.328573 0.575896
vt 0.328573 0.574401
vt 0.328573 0.575709
vt 0.328573 0.574214
vt 0.328573 0.575522
vt 0.328573 0.574027
vt 0.328573 0.575335
vt 0.328573 0.573840
vt 0.328573 0.575148
vt 0.328479 0.575709
vt 0.328479 0.575522
vt 0.328479 0.574214
vt 0.328479 0.574027
vt 0.328479 0.575335
vt 0.328479 0.573840
vt 0.328479 0.575148
vt 0.328479 0.573653
vt 0.328479 0.574961
vt 0.328526 0.576457
vt 0.328479 0.576270
vt 0.328526 0.573466
vt 0.328479 0.574775
vt 0.328479 0.576083
vt 0.328479 0.574588
vt 0.328479 0.575896
vt 0.328479 0.574401
vt 0.328386 0.574961
vt 0.328386 0.574775
vt 0.328386 0.576270
vt 0.328386 0.576083
vt 0.328386 0.574588
vt 0.328386 0.575896
vt 0.328386 0.574401
vt 0.328386 0.575709
vt 0.328386 0.574214
vt 0.328386 0.575522
vt 0.328386 0.574027
vt 0.328386 0.575335
vt 0.328386 0.573840
vt 0.328386 0.575148
vt 0.328386 0.573653
vt 0.328433 0.576457
vt 0.328433 0.573466
vt 0.328292 0.574214
vt 0.328292 0.574027
vt 0.328292 0.575522
vt 0.328292 0.575335
vt 0.328292 0.573840
vt 0.328292 0.575148
vt 0.328292 0.573653
vt 0.328292 0.574961
vt 0.328339 0.576457
vt 0.328292 0.576270
vt 0.328339 0.573466
vt 0.328292 0.574775
vt 0.328292 0.576083
vt 0.328292 0.574588
vt 0.328292 0.575896
vt 0.328292 0.574401
vt 0.328292 0.575709
vt 0.328199 0.576270
vt 0.328199 0.576083
vt 0.328199 0.574775
vt 0.328199 0.574588
vt 0.328199 0.575896
vt 0.328199 0.574401
vt 0.328199 0.575709
vt 0.328199 0.574214
vt 0.328199 0.575522
vt 0.328199 0.574027
vt 0.328199 0.575335
vt 0.328199 0.573840
vt 0.328199 0.575148
vt 0.328199 0.573653
vt 0.328199 0.574961
vt 0.328246 0.576457
vt 0.328246 0.573466
vt 0.328105 0.575522
vt 0.328105 0.575335
vt 0.328105 0.574027
vt 0.328105 0.573840
vt 0.328105 0.575148
vt 0.328105 0.573653
vt 0.328105 0.574961
vt 0.328152 0.576457
vt 0.328105 0.576270
vt 0.328152 0.573466
vt 0.328105 0.574775
vt 0.328105 0.576083
vt 0.328105 0.574588
vt 0.328105 0.575896
vt 0.328105 0.574401
vt 0.328105 0.575709
vt 0.328105 0.574214
vt 0.328059 0.576457
vt 0.328059 0.573466
vt 0.474191 0.150603
vt 0.478441 0.218858
vt 0.444204 0.210916
vt 0.449399 0.144956
vt 0.415505 0.136984
vt 0.421950 0.205787
vt 0.401025 0.200987
vt 0.404636 0.134886
vt 0.442363 0.016275
vt 0.408243 0.008426
vt 0.510349 0.031988
vt 0.508180 0.158499
vt 0.476337 0.024128
vt 0.394700 0.005582
vt 0.340671 0.576457
vt 0.340858 0.575709
vt 0.340858 0.576457
vt 0.340671 0.575709
vt 0.340858 0.574962
vt 0.340671 0.574962
vt 0.340858 0.574214
vt 0.340671 0.573466
vt 0.340858 0.573466
vt 0.341418 0.574962
vt 0.342166 0.574214
vt 0.342166 0.574962
vt 0.339923 0.574962
vt 0.340671 0.574214
vt 0.341044 0.574214
vt 0.341231 0.573466
vt 0.341231 0.574214
vt 0.341044 0.574962
vt 0.341231 0.574962
vt 0.341231 0.575709
vt 0.341044 0.576457
vt 0.341231 0.576457
vt 0.341044 0.573466
vt 0.341044 0.575709
vt 0.341418 0.575709
vt 0.341418 0.576457
vt 0.341418 0.574214
vt 0.341418 0.573466
vt 0.339923 0.574214
vt 0.485885 0.560846
vt 0.485721 0.556681
vt 0.486569 0.560770
vt 0.492135 0.719483
vt 0.491971 0.715319
vt 0.492659 0.715340
vt 0.489533 0.653451
vt 0.488928 0.638082
vt 0.492914 0.637925
vt 0.493431 0.653318
vt 0.486088 0.565996
vt 0.487435 0.565873
vt 0.490114 0.668188
vt 0.493757 0.668086
vt 0.486372 0.573216
vt 0.488400 0.573058
vt 0.490646 0.681686
vt 0.493875 0.681619
vt 0.486748 0.582759
vt 0.489422 0.582580
vt 0.491107 0.693405
vt 0.493787 0.693373
vt 0.487210 0.594478
vt 0.490435 0.594291
vt 0.491483 0.702948
vt 0.493518 0.702946
vt 0.487742 0.607976
vt 0.491382 0.607791
vt 0.491768 0.710168
vt 0.493121 0.710185
vt 0.488322 0.622713
vt 0.492218 0.622539
vt 0.495025 0.607520
vt 0.496119 0.622321
vt 0.494473 0.710349
vt 0.493342 0.715460
vt 0.496905 0.637768
vt 0.487241 0.560597
vt 0.497337 0.653229
vt 0.488770 0.565603
vt 0.497410 0.668070
vt 0.490420 0.572738
vt 0.497115 0.681675
vt 0.492092 0.582250
vt 0.496475 0.693492
vt 0.493660 0.593980
vt 0.495556 0.703106
vt 0.501080 0.668139
vt 0.500370 0.681855
vt 0.492429 0.572255
vt 0.494761 0.581768
vt 0.499173 0.693763
vt 0.496891 0.593545
vt 0.497597 0.703429
vt 0.498678 0.607162
vt 0.495816 0.710662
vt 0.500032 0.622058
vt 0.494010 0.715679
vt 0.500909 0.637610
vt 0.487889 0.560326
vt 0.501259 0.653183
vt 0.490084 0.565185
vt 0.497142 0.711128
vt 0.494651 0.715999
vt 0.503967 0.621752
vt 0.504935 0.637451
vt 0.488503 0.559956
vt 0.505206 0.653179
vt 0.491370 0.564616
vt 0.504776 0.668294
vt 0.494426 0.571606
vt 0.503647 0.682158
vt 0.497432 0.581131
vt 0.501886 0.694188
vt 0.500134 0.592984
vt 0.499639 0.703920
vt 0.502350 0.606717
vt 0.506954 0.682589
vt 0.504618 0.694771
vt 0.500109 0.580335
vt 0.503397 0.592295
vt 0.501680 0.704583
vt 0.506049 0.606183
vt 0.498445 0.711753
vt 0.507934 0.621400
vt 0.495254 0.716422
vt 0.508992 0.637292
vt 0.489071 0.559488
vt 0.509188 0.653217
vt 0.492619 0.563891
vt 0.508506 0.668535
vt 0.496409 0.570784
vt 0.489581 0.558919
vt 0.495807 0.716948
vt 0.513093 0.637130
vt 0.513217 0.653298
vt 0.493822 0.563004
vt 0.512282 0.668863
vt 0.498378 0.569783
vt 0.510301 0.683149
vt 0.502799 0.579375
vt 0.507375 0.695516
vt 0.506689 0.591474
vt 0.503722 0.705426
vt 0.509788 0.605559
vt 0.499714 0.712543
vt 0.511944 0.621002
vt 0.505507 0.578244
vt 0.510021 0.590517
vt 0.510164 0.696430
vt 0.505764 0.706457
vt 0.513579 0.604841
vt 0.500941 0.713508
vt 0.516012 0.620558
vt 0.496294 0.717581
vt 0.517250 0.636966
vt 0.490017 0.558251
vt 0.517307 0.653422
vt 0.494970 0.561945
vt 0.516118 0.669281
vt 0.500333 0.568595
vt 0.513698 0.683841
vt 0.521471 0.636800
vt 0.521471 0.653587
vt 0.490362 0.557480
vt 0.496045 0.560708
vt 0.520024 0.669790
vt 0.502268 0.567210
vt 0.517154 0.684670
vt 0.508238 0.576936
vt 0.512989 0.697519
vt 0.513402 0.589418
vt 0.507803 0.707685
vt 0.517433 0.604026
vt 0.502110 0.714656
vt 0.520150 0.620065
vt 0.496699 0.718322
vt 0.399338 0.708954
vt 0.393368 0.699228
vt 0.396099 0.697920
vt 0.401273 0.707570
vt 0.381582 0.606374
vt 0.384452 0.591494
vt 0.387908 0.592323
vt 0.385488 0.606883
vt 0.405561 0.715456
vt 0.406636 0.714219
vt 0.380135 0.622577
vt 0.384299 0.622743
vt 0.411244 0.718684
vt 0.411589 0.717914
vt 0.380135 0.639364
vt 0.384356 0.639198
vt 0.404907 0.557843
vt 0.409471 0.556682
vt 0.405312 0.558584
vt 0.415885 0.719483
vt 0.381456 0.656100
vt 0.385594 0.655607
vt 0.399496 0.561508
vt 0.400665 0.562657
vt 0.384173 0.672138
vt 0.388027 0.671324
vt 0.393803 0.568479
vt 0.395842 0.569707
vt 0.388204 0.686746
vt 0.391585 0.685648
vt 0.388617 0.578645
vt 0.391442 0.579734
vt 0.405799 0.559216
vt 0.401892 0.563622
vt 0.389662 0.655162
vt 0.391818 0.670606
vt 0.397884 0.570738
vt 0.394917 0.684690
vt 0.394231 0.580648
vt 0.398807 0.696790
vt 0.391305 0.593016
vt 0.403228 0.706381
vt 0.389324 0.607301
vt 0.407784 0.713161
vt 0.388389 0.622866
vt 0.412025 0.717245
vt 0.388513 0.639034
vt 0.394652 0.593575
vt 0.393100 0.607629
vt 0.405197 0.705381
vt 0.408987 0.712273
vt 0.392418 0.622947
vt 0.412535 0.716677
vt 0.392614 0.638873
vt 0.406352 0.559743
vt 0.393672 0.654765
vt 0.403161 0.564412
vt 0.395557 0.669981
vt 0.399926 0.571581
vt 0.398209 0.683869
vt 0.396988 0.581394
vt 0.401497 0.695830
vt 0.397639 0.654413
vt 0.399256 0.669447
vt 0.404464 0.565036
vt 0.401967 0.572244
vt 0.401472 0.683180
vt 0.399720 0.581976
vt 0.404174 0.695033
vt 0.397959 0.594006
vt 0.407180 0.704559
vt 0.396830 0.607871
vt 0.410236 0.711548
vt 0.396400 0.622985
vt 0.413103 0.716208
vt 0.396671 0.638713
vt 0.406955 0.560165
vt 0.409177 0.703909
vt 0.411522 0.710979
vt 0.400526 0.608025
vt 0.400347 0.622982
vt 0.413717 0.715839
vt 0.400697 0.638554
vt 0.407596 0.560485
vt 0.401574 0.654106
vt 0.405790 0.565502
vt 0.402928 0.669002
vt 0.404009 0.572735
vt 0.404715 0.682619
vt 0.402433 0.582402
vt 0.406845 0.694396
vt 0.401236 0.594310
vt 0.406581 0.668644
vt 0.407946 0.682184
vt 0.406050 0.573058
vt 0.405131 0.582672
vt 0.409514 0.693914
vt 0.404491 0.594489
vt 0.411186 0.703426
vt 0.404196 0.608094
vt 0.412836 0.710561
vt 0.404269 0.622935
vt 0.414365 0.715567
vt 0.404701 0.638397
vt 0.408264 0.560704
vt 0.405487 0.653844
vt 0.407133 0.565816
vt 0.414171 0.710291
vt 0.415037 0.715394
vt 0.408175 0.622846
vt 0.408692 0.638239
vt 0.408947 0.560824
vt 0.409388 0.653625
vt 0.408485 0.565979
vt 0.410224 0.668373
vt 0.408088 0.573218
vt 0.411171 0.681873
vt 0.407819 0.582791
vt 0.412184 0.693584
vt 0.407731 0.594545
vt 0.413206 0.703106
vt 0.407849 0.608078
vt 0.410123 0.573216
vt 0.410499 0.582759
vt 0.414396 0.681686
vt 0.414858 0.693405
vt 0.410960 0.594478
vt 0.415234 0.702948
vt 0.411492 0.607977
vt 0.415518 0.710168
vt 0.412073 0.622714
vt 0.415721 0.715319
vt 0.412678 0.638082
vt 0.409635 0.560846
vt 0.413284 0.653451
vt 0.409838 0.565996
vt 0.413864 0.668188
vt 0.415969 0.622539
vt 0.416664 0.637925
vt 0.410320 0.560770
vt 0.416410 0.715340
vt 0.417181 0.653318
vt 0.411186 0.565873
vt 0.417508 0.668086
vt 0.412151 0.573058
vt 0.417626 0.681619
vt 0.413172 0.582580
vt 0.417538 0.693373
vt 0.414185 0.594291
vt 0.417268 0.702946
vt 0.415132 0.607791
vt 0.416871 0.710185
vt 0.420865 0.681675
vt 0.420225 0.693492
vt 0.415842 0.582250
vt 0.417410 0.593980
vt 0.419307 0.703106
vt 0.418775 0.607520
vt 0.418223 0.710349
vt 0.419869 0.622321
vt 0.417093 0.715460
vt 0.420655 0.637768
vt 0.410991 0.560597
vt 0.421087 0.653229
vt 0.412520 0.565603
vt 0.421161 0.668070
vt 0.414171 0.572738
vt 0.411640 0.560326
vt 0.417760 0.715679
vt 0.424659 0.637610
vt 0.425009 0.653183
vt 0.413835 0.565185
vt 0.424831 0.668139
vt 0.416180 0.572255
vt 0.424120 0.681855
vt 0.418511 0.581768
vt 0.422924 0.693763
vt 0.420641 0.593545
vt 0.421348 0.703430
vt 0.422428 0.607162
vt 0.419566 0.710662
vt 0.423783 0.622058
vt 0.421182 0.581131
vt 0.423884 0.592984
vt 0.425637 0.694188
vt 0.423389 0.703920
vt 0.426100 0.606717
vt 0.420893 0.711128
vt 0.427718 0.621752
vt 0.418401 0.715999
vt 0.428685 0.637452
vt 0.412254 0.559956
vt 0.428956 0.653179
vt 0.415120 0.564616
vt 0.428526 0.668294
vt 0.418176 0.571606
vt 0.427397 0.682159
vt 0.432743 0.637292
vt 0.432938 0.653218
vt 0.412822 0.559488
vt 0.416369 0.563891
vt 0.432256 0.668535
vt 0.420159 0.570784
vt 0.430705 0.682589
vt 0.423860 0.580335
vt 0.428368 0.694771
vt 0.427147 0.592295
vt 0.425431 0.704583
vt 0.429800 0.606184
vt 0.422195 0.711753
vt 0.431685 0.621400
vt 0.419005 0.716422
vt 0.431125 0.695516
vt 0.427472 0.705426
vt 0.430439 0.591474
vt 0.433538 0.605559
vt 0.423464 0.712543
vt 0.435695 0.621002
vt 0.419557 0.716948
vt 0.436844 0.637130
vt 0.413331 0.558919
vt 0.436967 0.653298
vt 0.417573 0.563004
vt 0.436033 0.668864
vt 0.422128 0.569783
vt 0.434051 0.683149
vt 0.426549 0.579375
vt 0.441058 0.653422
vt 0.439868 0.669281
vt 0.418720 0.561945
vt 0.424083 0.568595
vt 0.437448 0.683841
vt 0.429258 0.578244
vt 0.433914 0.696430
vt 0.433772 0.590517
vt 0.429515 0.706457
vt 0.437329 0.604841
vt 0.424692 0.713508
vt 0.439763 0.620558
vt 0.420045 0.717581
vt 0.441001 0.636966
vt 0.413767 0.558251
vt 0.431553 0.707685
vt 0.425861 0.714656
vt 0.441183 0.604026
vt 0.443900 0.620065
vt 0.420449 0.718322
vt 0.445221 0.636800
vt 0.414112 0.557480
vt 0.445221 0.653587
vt 0.419796 0.560708
vt 0.443774 0.669790
vt 0.426019 0.567210
vt 0.440905 0.684670
vt 0.431988 0.576936
vt 0.436739 0.697519
vt 0.437152 0.589418
vt 0.470053 0.568479
vt 0.475745 0.561508
vt 0.476914 0.562657
vt 0.472091 0.569707
vt 0.464454 0.686746
vt 0.460423 0.672138
vt 0.464277 0.671324
vt 0.467834 0.685648
vt 0.464867 0.578645
vt 0.467692 0.579734
vt 0.469618 0.699228
vt 0.472348 0.697920
vt 0.460701 0.591494
vt 0.464158 0.592323
vt 0.475587 0.708954
vt 0.477523 0.707570
vt 0.457832 0.606374
vt 0.461738 0.606883
vt 0.481811 0.715456
vt 0.482886 0.714219
vt 0.456385 0.622577
vt 0.460548 0.622743
vt 0.487494 0.718684
vt 0.487839 0.717914
vt 0.456385 0.639364
vt 0.460606 0.639198
vt 0.481157 0.557843
vt 0.481561 0.558584
vt 0.457706 0.656100
vt 0.461843 0.655607
vt 0.465573 0.607301
vt 0.464639 0.622866
vt 0.484033 0.713161
vt 0.488275 0.717245
vt 0.464762 0.639034
vt 0.482049 0.559216
vt 0.465911 0.655162
vt 0.478142 0.563622
vt 0.468068 0.670605
vt 0.474134 0.570738
vt 0.471167 0.684690
vt 0.470481 0.580648
vt 0.475057 0.696789
vt 0.467555 0.593016
vt 0.479478 0.706381
vt 0.471806 0.669981
vt 0.474459 0.683869
vt 0.476175 0.571581
vt 0.473238 0.581394
vt 0.477746 0.695829
vt 0.470901 0.593575
vt 0.481447 0.705380
vt 0.469350 0.607629
vt 0.485237 0.712273
vt 0.468668 0.622947
vt 0.488784 0.716677
vt 0.468863 0.638873
vt 0.482601 0.559743
vt 0.469921 0.654765
vt 0.479411 0.564411
vt 0.486486 0.711548
vt 0.489352 0.716208
vt 0.472650 0.622985
vt 0.472921 0.638713
vt 0.483205 0.560165
vt 0.473888 0.654413
vt 0.480713 0.565036
vt 0.475506 0.669447
vt 0.478217 0.572244
vt 0.477722 0.683180
vt 0.475970 0.581976
vt 0.480424 0.695033
vt 0.474209 0.594006
vt 0.483430 0.704559
vt 0.473080 0.607871
vt 0.480258 0.572735
vt 0.478682 0.582402
vt 0.480965 0.682619
vt 0.483095 0.694396
vt 0.477486 0.594310
vt 0.485427 0.703909
vt 0.476775 0.608025
vt 0.487771 0.710979
vt 0.476597 0.622982
vt 0.489966 0.715839
vt 0.476947 0.638554
vt 0.483846 0.560485
vt 0.477823 0.654106
vt 0.482040 0.565502
vt 0.479178 0.669002
vt 0.480519 0.622935
vt 0.480951 0.638396
vt 0.484513 0.560704
vt 0.490615 0.715567
vt 0.481737 0.653844
vt 0.483383 0.565816
vt 0.482831 0.668644
vt 0.482299 0.573058
vt 0.484196 0.682184
vt 0.481381 0.582672
vt 0.485764 0.693914
vt 0.480741 0.594489
vt 0.487436 0.703426
vt 0.480445 0.608094
vt 0.489086 0.710561
vt 0.487421 0.681873
vt 0.488434 0.693584
vt 0.484069 0.582791
vt 0.483980 0.594545
vt 0.489455 0.703106
vt 0.484098 0.608078
vt 0.490420 0.710291
vt 0.484425 0.622846
vt 0.491286 0.715394
vt 0.484942 0.638239
vt 0.485196 0.560824
vt 0.485637 0.653625
vt 0.484735 0.565979
vt 0.486474 0.668373
vt 0.484338 0.573218
vt 0.285106 0.577631
vt 0.285270 0.573466
vt 0.285794 0.577609
vt 0.278856 0.736268
vt 0.279020 0.732104
vt 0.279704 0.732179
vt 0.281457 0.670236
vt 0.282063 0.654867
vt 0.286049 0.655024
vt 0.285353 0.670410
vt 0.284903 0.582781
vt 0.286256 0.582765
vt 0.280877 0.684973
vt 0.284517 0.685158
vt 0.284619 0.590001
vt 0.286653 0.590003
vt 0.280345 0.698471
vt 0.283570 0.698658
vt 0.284243 0.599544
vt 0.286922 0.599576
vt 0.279883 0.710190
vt 0.282557 0.710369
vt 0.283781 0.611263
vt 0.287011 0.611330
vt 0.279507 0.719733
vt 0.281535 0.719891
vt 0.283249 0.624762
vt 0.286892 0.624863
vt 0.279223 0.726953
vt 0.280570 0.727076
vt 0.282668 0.639498
vt 0.286566 0.639631
vt 0.290545 0.624879
vt 0.290472 0.639720
vt 0.281905 0.727346
vt 0.280376 0.732352
vt 0.290040 0.655181
vt 0.286478 0.577489
vt 0.289254 0.670629
vt 0.287608 0.582600
vt 0.288160 0.685429
vt 0.288691 0.589843
vt 0.286795 0.698969
vt 0.289610 0.599457
vt 0.285227 0.710699
vt 0.290250 0.611274
vt 0.283555 0.720211
vt 0.291813 0.685787
vt 0.290026 0.699404
vt 0.290732 0.589520
vt 0.292308 0.599186
vt 0.287896 0.711181
vt 0.293505 0.611095
vt 0.285564 0.720694
vt 0.294215 0.624810
vt 0.283219 0.727764
vt 0.294394 0.639767
vt 0.281024 0.732624
vt 0.294044 0.655339
vt 0.287145 0.577270
vt 0.293168 0.670891
vt 0.288951 0.582287
vt 0.284505 0.728333
vt 0.281638 0.732993
vt 0.298341 0.639771
vt 0.298070 0.655498
vt 0.287786 0.576950
vt 0.297103 0.671198
vt 0.290277 0.581821
vt 0.295485 0.686232
vt 0.292774 0.589029
vt 0.293269 0.699965
vt 0.295021 0.598761
vt 0.290567 0.711818
vt 0.296782 0.610791
vt 0.287561 0.721344
vt 0.297911 0.624656
vt 0.296532 0.700654
vt 0.293244 0.712614
vt 0.297753 0.598179
vt 0.300089 0.610360
vt 0.289544 0.722166
vt 0.301641 0.624414
vt 0.285754 0.729058
vt 0.302323 0.639732
vt 0.282206 0.733462
vt 0.302127 0.655658
vt 0.288389 0.576528
vt 0.301069 0.671550
vt 0.291580 0.581196
vt 0.299184 0.686766
vt 0.294816 0.588366
vt 0.288942 0.576001
vt 0.282716 0.734030
vt 0.306228 0.655819
vt 0.305079 0.671947
vt 0.292849 0.580407
vt 0.302923 0.687391
vt 0.296857 0.587523
vt 0.299824 0.701475
vt 0.300510 0.597433
vt 0.295934 0.713574
vt 0.303436 0.609801
vt 0.291513 0.723166
vt 0.305417 0.624086
vt 0.286957 0.729946
vt 0.306352 0.639651
vt 0.303299 0.596519
vt 0.306833 0.609109
vt 0.298642 0.714705
vt 0.293468 0.724355
vt 0.309253 0.623668
vt 0.288105 0.731004
vt 0.310442 0.639528
vt 0.283152 0.734699
vt 0.310385 0.655983
vt 0.289429 0.575369
vt 0.309147 0.672392
vt 0.294076 0.579442
vt 0.306714 0.688109
vt 0.298899 0.586492
vt 0.303156 0.702433
vt 0.314606 0.656149
vt 0.313285 0.672885
vt 0.289834 0.574628
vt 0.295246 0.578293
vt 0.310568 0.688923
vt 0.300938 0.585264
vt 0.306537 0.703531
vt 0.306124 0.595430
vt 0.301373 0.716013
vt 0.310289 0.608279
vt 0.295403 0.725739
vt 0.313159 0.623159
vt 0.289180 0.732241
vt 0.314606 0.639362
vt 0.283497 0.735469
vt 0.024784 0.823713
vt 0.018815 0.813986
vt 0.021545 0.812678
vt 0.026720 0.822328
vt 0.007028 0.721133
vt 0.009898 0.706253
vt 0.013355 0.707082
vt 0.010935 0.721641
vt 0.031008 0.830214
vt 0.032083 0.828977
vt 0.005582 0.737335
vt 0.009745 0.737501
vt 0.036691 0.833443
vt 0.037036 0.832672
vt 0.005582 0.754123
vt 0.009802 0.753956
vt 0.030354 0.672601
vt 0.034918 0.671440
vt 0.030758 0.673342
vt 0.041332 0.834241
vt 0.006903 0.770858
vt 0.011040 0.770365
vt 0.024942 0.676266
vt 0.026111 0.677415
vt 0.009620 0.786897
vt 0.013474 0.786082
vt 0.019250 0.683238
vt 0.021288 0.684466
vt 0.013651 0.801504
vt 0.017031 0.800406
vt 0.014064 0.693403
vt 0.016889 0.694492
vt 0.031246 0.673974
vt 0.027339 0.678380
vt 0.015108 0.769921
vt 0.017265 0.785364
vt 0.023330 0.685497
vt 0.020364 0.799449
vt 0.019678 0.695406
vt 0.024254 0.811548
vt 0.016752 0.707774
vt 0.028675 0.821139
vt 0.014770 0.722059
vt 0.033230 0.827919
vt 0.013836 0.737624
vt 0.037472 0.832003
vt 0.013959 0.753793
vt 0.020098 0.708334
vt 0.018547 0.722388
vt 0.030644 0.820139
vt 0.034434 0.827031
vt 0.017865 0.737705
vt 0.037981 0.831435
vt 0.018060 0.753631
vt 0.031798 0.674501
vt 0.019118 0.769523
vt 0.028608 0.679170
vt 0.021003 0.784739
vt 0.025372 0.686339
vt 0.023656 0.798628
vt 0.022435 0.696152
vt 0.026943 0.810588
vt 0.023085 0.769171
vt 0.024703 0.784205
vt 0.029910 0.679794
vt 0.027414 0.687002
vt 0.026919 0.797938
vt 0.025166 0.696735
vt 0.029621 0.809792
vt 0.023405 0.708764
vt 0.032627 0.819317
vt 0.022277 0.722629
vt 0.035683 0.826306
vt 0.021847 0.737744
vt 0.038550 0.830966
vt 0.022118 0.753471
vt 0.032401 0.674923
vt 0.034624 0.818667
vt 0.036968 0.825737
vt 0.025972 0.722784
vt 0.025794 0.737740
vt 0.039164 0.830597
vt 0.026144 0.753312
vt 0.033043 0.675243
vt 0.027020 0.768864
vt 0.031237 0.680261
vt 0.028375 0.783760
vt 0.029455 0.687493
vt 0.030162 0.797377
vt 0.027879 0.697160
vt 0.032292 0.809155
vt 0.026683 0.709068
vt 0.032028 0.783403
vt 0.033393 0.796942
vt 0.031496 0.687817
vt 0.030578 0.697431
vt 0.034961 0.808672
vt 0.029938 0.709247
vt 0.036633 0.818184
vt 0.029642 0.722853
vt 0.038283 0.825319
vt 0.029716 0.737694
vt 0.039812 0.830326
vt 0.030148 0.753155
vt 0.033710 0.675463
vt 0.030934 0.768602
vt 0.032580 0.680574
vt 0.039617 0.825049
vt 0.040483 0.830152
vt 0.033622 0.737604
vt 0.034139 0.752997
vt 0.034393 0.675583
vt 0.034834 0.768384
vt 0.033931 0.680738
vt 0.035671 0.783131
vt 0.033535 0.687976
vt 0.036618 0.796632
vt 0.033265 0.697549
vt 0.037631 0.808342
vt 0.033177 0.709303
vt 0.038652 0.817865
vt 0.033295 0.722836
vt 0.035569 0.687974
vt 0.035945 0.697518
vt 0.039843 0.796444
vt 0.040304 0.808163
vt 0.036407 0.709237
vt 0.040680 0.817707
vt 0.036939 0.722735
vt 0.040965 0.824926
vt 0.037519 0.737472
vt 0.041168 0.830077
vt 0.038125 0.752840
vt 0.035082 0.675604
vt 0.038730 0.768209
vt 0.035285 0.680755
vt 0.039311 0.782946
vt 0.041415 0.737297
vt 0.042111 0.752683
vt 0.035766 0.675528
vt 0.041856 0.830098
vt 0.042628 0.768077
vt 0.036632 0.680631
vt 0.042954 0.782844
vt 0.037597 0.687816
vt 0.043072 0.796377
vt 0.038619 0.697338
vt 0.042984 0.808131
vt 0.039632 0.709049
vt 0.042715 0.817705
vt 0.040579 0.722549
vt 0.042318 0.824943
vt 0.046312 0.796433
vt 0.045672 0.808250
vt 0.041289 0.697009
vt 0.042857 0.708738
vt 0.044753 0.817864
vt 0.044222 0.722278
vt 0.043670 0.825107
vt 0.045316 0.737079
vt 0.042539 0.830218
vt 0.046102 0.752526
vt 0.036438 0.675355
vt 0.046534 0.767987
vt 0.037967 0.680362
vt 0.046607 0.782828
vt 0.039617 0.687497
vt 0.037086 0.675084
vt 0.043207 0.830438
vt 0.050106 0.752368
vt 0.050456 0.767941
vt 0.039281 0.679944
vt 0.050277 0.782897
vt 0.041626 0.687014
vt 0.049567 0.796613
vt 0.043958 0.696526
vt 0.048370 0.808521
vt 0.046088 0.708304
vt 0.046794 0.818188
vt 0.047875 0.721921
vt 0.045013 0.825420
vt 0.049229 0.736817
vt 0.046629 0.695889
vt 0.049331 0.707743
vt 0.051083 0.808946
vt 0.048836 0.818678
vt 0.051547 0.721476
vt 0.046339 0.825887
vt 0.053164 0.736510
vt 0.043848 0.830758
vt 0.054132 0.752210
vt 0.037700 0.674714
vt 0.054403 0.767937
vt 0.040567 0.679374
vt 0.053973 0.783052
vt 0.043623 0.686364
vt 0.052844 0.796917
vt 0.058189 0.752050
vt 0.058385 0.767976
vt 0.038268 0.674246
vt 0.041816 0.678649
vt 0.057703 0.783293
vt 0.045606 0.685542
vt 0.056151 0.797347
vt 0.049306 0.695093
vt 0.053815 0.809529
vt 0.052594 0.707053
vt 0.050877 0.819342
vt 0.055246 0.720942
vt 0.047642 0.826511
vt 0.057131 0.736158
vt 0.044451 0.831180
vt 0.056572 0.810274
vt 0.052919 0.820184
vt 0.055886 0.706232
vt 0.058985 0.720317
vt 0.048911 0.827301
vt 0.061141 0.735760
vt 0.045004 0.831706
vt 0.062290 0.751888
vt 0.038778 0.673678
vt 0.062414 0.768057
vt 0.043019 0.677762
vt 0.061479 0.783622
vt 0.047575 0.684541
vt 0.059498 0.797907
vt 0.051996 0.694133
vt 0.066504 0.768180
vt 0.065315 0.784039
vt 0.044167 0.676704
vt 0.049530 0.683353
vt 0.062895 0.798599
vt 0.054704 0.693002
vt 0.059361 0.811188
vt 0.059218 0.705275
vt 0.054961 0.821215
vt 0.062776 0.719599
vt 0.050138 0.828266
vt 0.065209 0.735316
vt 0.045491 0.832339
vt 0.066447 0.751725
vt 0.039214 0.673009
vt 0.057000 0.822443
vt 0.051307 0.829415
vt 0.066630 0.718784
vt 0.069347 0.734823
vt 0.045896 0.833080
vt 0.070668 0.751558
vt 0.039559 0.672238
vt 0.070668 0.768346
vt 0.045242 0.675466
vt 0.069221 0.784548
vt 0.051465 0.681968
vt 0.066351 0.799428
vt 0.057435 0.691694
vt 0.062186 0.812278
vt 0.062598 0.704176
vt 0.268723 0.583995
vt 0.274946 0.577493
vt 0.276021 0.578730
vt 0.270658 0.585379
vt 0.253836 0.701455
vt 0.250967 0.686575
vt 0.254873 0.686066
vt 0.257293 0.700626
vt 0.262753 0.593721
vt 0.265483 0.595029
vt 0.258002 0.714304
vt 0.260827 0.713215
vt 0.257589 0.606203
vt 0.260970 0.607302
vt 0.263188 0.724470
vt 0.265226 0.723242
vt 0.253558 0.620811
vt 0.257412 0.621626
vt 0.268880 0.731441
vt 0.270050 0.730293
vt 0.250841 0.636850
vt 0.254978 0.637343
vt 0.274292 0.735107
vt 0.274696 0.734366
vt 0.249520 0.653585
vt 0.253741 0.653751
vt 0.280629 0.574265
vt 0.280974 0.575036
vt 0.249520 0.670372
vt 0.253684 0.670207
vt 0.261203 0.622344
vt 0.259046 0.637787
vt 0.271277 0.729328
vt 0.275184 0.733733
vt 0.257897 0.653915
vt 0.281410 0.575704
vt 0.257774 0.670083
vt 0.277168 0.579789
vt 0.258709 0.685649
vt 0.272613 0.586568
vt 0.260690 0.699934
vt 0.268192 0.596160
vt 0.263616 0.712301
vt 0.264302 0.608259
vt 0.267269 0.722211
vt 0.262485 0.685320
vt 0.264036 0.699374
vt 0.274582 0.587569
vt 0.270881 0.597120
vt 0.266373 0.711556
vt 0.267594 0.609080
vt 0.269310 0.721368
vt 0.264941 0.622968
vt 0.272546 0.728538
vt 0.263057 0.638185
vt 0.275736 0.733207
vt 0.261998 0.654077
vt 0.281919 0.576273
vt 0.261803 0.670002
vt 0.278372 0.580676
vt 0.273848 0.727913
vt 0.276340 0.732784
vt 0.267023 0.638537
vt 0.266056 0.654236
vt 0.282488 0.576741
vt 0.265785 0.669964
vt 0.279621 0.581401
vt 0.266215 0.685079
vt 0.276565 0.588391
vt 0.267344 0.698943
vt 0.273559 0.597916
vt 0.269105 0.710973
vt 0.270857 0.609769
vt 0.271352 0.720705
vt 0.268641 0.623502
vt 0.278562 0.589040
vt 0.276230 0.598553
vt 0.270621 0.698640
vt 0.271817 0.710548
vt 0.274100 0.610330
vt 0.273393 0.720214
vt 0.272313 0.623947
vt 0.275175 0.727447
vt 0.270958 0.638843
vt 0.276981 0.732464
vt 0.270082 0.654395
vt 0.283102 0.577111
vt 0.269732 0.669968
vt 0.280907 0.581970
vt 0.269910 0.684924
vt 0.274872 0.639106
vt 0.274086 0.654553
vt 0.283750 0.577382
vt 0.277648 0.732245
vt 0.273654 0.670014
vt 0.282221 0.582388
vt 0.273580 0.684855
vt 0.280571 0.589523
vt 0.273876 0.698460
vt 0.278899 0.599035
vt 0.274516 0.710277
vt 0.277331 0.610765
vt 0.275434 0.719891
vt 0.275966 0.624305
vt 0.276518 0.727134
vt 0.277115 0.698404
vt 0.277204 0.710158
vt 0.281569 0.599365
vt 0.280556 0.611076
vt 0.277473 0.719731
vt 0.279609 0.624576
vt 0.277870 0.726970
vt 0.278773 0.639324
vt 0.278331 0.732125
vt 0.278077 0.654710
vt 0.284421 0.577555
vt 0.277560 0.670103
vt 0.283555 0.582658
vt 0.277233 0.684871
vt 0.282590 0.589843
s 1
usemtl マテリアル
f 478/1/1 5/2/2 15/3/3 16/4/4
f 1/5/5 475/6/6 8/7/7 9/8/8
f 6/9/9 478/1/1 16/4/4 17/10/10
f 476/11/11 1/5/5 9/8/8 10/12/12
f 479/13/13 6/9/9 17/10/10 18/14/14
f 2/15/15 476/11/11 10/12/12 11/16/16
f 480/17/17 479/13/13 18/14/14 19/18/18
f 477/19/19 2/15/15 11/16/16 12/20/20
f 481/21/21 480/17/17 19/18/18 20/22/22
f 3/23/23 477/19/19 12/20/20 13/24/24
f 482/25/25 481/21/21 20/22/22 21/26/26
f 4/27/27 3/23/23 13/24/24 14/28/28
f 474/29/29 82/30/30 7/31/31
f 308/32/32 482/25/25 21/26/26
f 5/2/2 4/27/27 14/28/28 15/3/3
f 475/6/6 474/29/29 7/31/31 8/7/7
f 7/31/31 82/33/30 22/34/33
f 308/35/32 21/26/26 36/36/34
f 15/3/3 14/28/28 29/37/35 30/38/36
f 8/7/7 7/31/31 22/34/33 23/39/37
f 16/4/4 15/3/3 30/38/36 31/40/38
f 9/8/8 8/7/7 23/39/37 24/41/39
f 17/10/10 16/4/4 31/40/38 32/42/40
f 10/12/12 9/8/8 24/41/39 25/43/41
f 18/14/14 17/10/10 32/42/40 33/44/42
f 11/16/16 10/12/12 25/43/41 26/45/43
f 19/18/18 18/14/14 33/44/42 34/46/44
f 12/20/20 11/16/16 26/45/43 27/47/45
f 20/22/22 19/18/18 34/46/44 35/48/46
f 13/24/24 12/20/20 27/47/45 28/49/47
f 21/26/26 20/22/22 35/48/46 36/36/34
f 14/28/28 13/24/24 28/49/47 29/37/35
f 26/45/43 25/43/41 40/50/48 41/51/49
f 34/46/44 33/44/42 48/52/50 49/53/51
f 27/47/45 26/45/43 41/51/49 42/54/52
f 35/48/46 34/46/44 49/53/51 50/55/53
f 28/49/47 27/47/45 42/54/52 43/56/54
f 36/36/34 35/48/46 50/55/53 51/57/55
f 29/37/35 28/49/47 43/56/54 44/58/56
f 22/34/33 82/59/30 37/60/57
f 308/61/32 36/36/34 51/57/55
f 30/38/36 29/37/35 44/58/56 45/62/58
f 23/39/37 22/34/33 37/60/57 38/63/59
f 31/40/38 30/38/36 45/62/58 46/64/60
f 24/41/39 23/39/37 38/63/59 39/65/61
f 32/42/40 31/40/38 46/64/60 47/66/62
f 25/43/41 24/41/39 39/65/61 40/50/48
f 33/44/42 32/42/40 47/66/62 48/52/50
f 45/62/58 44/58/56 59/67/63 60/68/64
f 38/63/59 37/60/57 52/69/65 53/70/66
f 46/64/60 45/62/58 60/68/64 61/71/67
f 39/65/61 38/63/59 53/70/66 54/72/68
f 47/66/62 46/64/60 61/71/67 62/73/69
f 40/50/48 39/65/61 54/72/68 55/74/70
f 48/52/50 47/66/62 62/73/69 63/75/71
f 41/51/49 40/50/48 55/74/70 56/76/72
f 49/53/51 48/52/50 63/75/71 64/77/73
f 42/54/52 41/51/49 56/76/72 57/78/74
f 50/55/53 49/53/51 64/77/73 65/79/75
f 43/56/54 42/54/52 57/78/74 58/80/76
f 51/57/55 50/55/53 65/79/75 66/81/77
f 44/58/56 43/56/54 58/80/76 59/67/63
f 37/60/57 82/82/30 52/69/65
f 308/83/32 51/57/55 66/81/77
f 64/77/73 63/75/71 78/84/78 79/85/79
f 57/78/74 56/76/72 71/86/80 72/87/81
f 65/79/75 64/77/73 79/85/79 80/88/82
f 58/80/76 57/78/74 72/87/81 73/89/83
f 66/81/77 65/79/75 80/88/82 81/90/84
f 59/67/63 58/80/76 73/89/83 74/91/85
f 52/69/65 82/92/30 67/93/86
f 308/94/32 66/81/77 81/90/84
f 60/68/64 59/67/63 74/91/85 75/95/87
f 53/70/66 52/69/65 67/93/86 68/96/88
f 61/71/67 60/68/64 75/95/87 76/97/89
f 54/72/68 53/70/66 68/96/88 69/98/90
f 62/73/69 61/71/67 76/97/89 77/99/91
f 55/74/70 54/72/68 69/98/90 70/100/92
f 63/75/71 62/73/69 77/99/91 78/84/78
f 56/76/72 55/74/70 70/100/92 71/86/80
f 76/97/89 75/95/87 91/101/93 92/102/94
f 69/98/90 68/96/88 84/103/95 85/104/96
f 77/99/91 76/97/89 92/102/94 93/105/97
f 70/100/92 69/98/90 85/104/96 86/106/98
f 78/84/78 77/99/91 93/105/97 94/107/99
f 71/86/80 70/100/92 86/106/98 87/108/100
f 79/85/79 78/84/78 94/107/99 95/109/101
f 72/87/81 71/86/80 87/108/100 88/110/102
f 80/88/82 79/85/79 95/109/101 96/111/103
f 73/89/83 72/87/81 88/110/102 89/112/104
f 81/90/84 80/88/82 96/111/103 97/113/105
f 74/91/85 73/89/83 89/112/104 90/114/106
f 67/93/86 82/115/30 83/116/107
f 308/117/32 81/90/84 97/113/105
f 75/95/87 74/91/85 90/114/106 91/101/93
f 68/96/88 67/93/86 83/116/107 84/103/95
f 96/111/103 95/109/101 110/118/108 111/119/109
f 89/112/104 88/110/102 103/120/110 104/121/111
f 97/113/105 96/111/103 111/119/109 112/122/112
f 90/114/106 89/112/104 104/121/111 105/123/113
f 83/116/107 82/124/30 98/125/114
f 308/126/32 97/113/105 112/122/112
f 91/101/93 90/114/106 105/123/113 106/127/115
f 84/103/95 83/116/107 98/125/114 99/128/116
f 92/102/94 91/101/93 106/127/115 107/129/117
f 85/104/96 84/103/95 99/128/116 100/130/118
f 93/105/97 92/102/94 107/129/117 108/131/119
f 86/106/98 85/104/96 100/130/118 101/132/120
f 94/107/99 93/105/97 108/131/119 109/133/121
f 87/108/100 86/106/98 101/132/120 102/134/122
f 95/109/101 94/107/99 109/133/121 110/118/108
f 88/110/102 87/108/100 102/134/122 103/120/110
f 100/130/118 99/128/116 114/135/123 115/136/124
f 108/131/119 107/129/117 122/137/125 123/138/126
f 101/132/120 100/130/118 115/136/124 116/139/127
f 109/133/121 108/131/119 123/138/126 124/140/128
f 102/134/122 101/132/120 116/139/127 117/141/129
f 110/118/108 109/133/121 124/140/128 125/142/130
f 103/120/110 102/134/122 117/141/129 118/143/131
f 111/119/109 110/118/108 125/142/130 126/144/132
f 104/121/111 103/120/110 118/143/131 119/145/133
f 112/122/112 111/119/109 126/144/132 127/146/134
f 105/123/113 104/121/111 119/145/133 120/147/135
f 98/125/114 82/148/30 113/149/136
f 308/150/32 112/122/112 127/146/134
f 106/127/115 105/123/113 120/147/135 121/151/137
f 99/128/116 98/125/114 113/149/136 114/135/123
f 107/129/117 106/127/115 121/151/137 122/137/125
f 119/145/133 118/143/131 133/152/138 134/153/139
f 127/146/134 126/144/132 141/154/140 142/155/141
f 120/147/135 119/145/133 134/153/139 135/156/142
f 113/149/136 82/157/30 128/158/143
f 308/159/32 127/146/134 142/155/141
f 121/151/137 120/147/135 135/156/142 136/160/144
f 114/135/123 113/149/136 128/158/143 129/161/145
f 122/137/125 121/151/137 136/160/144 137/162/146
f 115/136/124 114/135/123 129/161/145 130/163/147
f 123/138/126 122/137/125 137/162/146 138/164/148
f 116/139/127 115/136/124 130/163/147 131/165/149
f 124/140/128 123/138/126 138/164/148 139/166/150
f 117/141/129 116/139/127 131/165/149 132/167/151
f 125/142/130 124/140/128 139/166/150 140/168/152
f 118/143/131 117/141/129 132/167/151 133/152/138
f 126/144/132 125/142/130 140/168/152 141/154/140
f 138/164/148 137/162/146 152/169/153 153/170/154
f 131/165/149 130/163/147 145/171/155 146/172/156
f 139/166/150 138/164/148 153/170/154 154/173/157
f 132/167/151 131/165/149 146/172/156 147/174/158
f 140/168/152 139/166/150 154/173/157 155/175/159
f 133/152/138 132/167/151 147/174/158 148/176/160
f 141/154/140 140/168/152 155/175/159 156/177/161
f 134/153/139 133/152/138 148/176/160 149/178/162
f 142/155/141 141/154/140 156/177/161 157/179/163
f 135/156/142 134/153/139 149/178/162 150/180/164
f 128/158/143 82/181/30 143/182/165
f 308/183/32 142/155/141 157/179/163
f 136/160/144 135/156/142 150/180/164 151/184/166
f 129/161/145 128/158/143 143/182/165 144/185/167
f 137/162/146 136/160/144 151/184/166 152/169/153
f 130/163/147 129/161/145 144/185/167 145/171/155
f 157/179/163 156/177/161 171/186/168 172/187/169
f 150/180/164 149/178/162 164/188/170 165/189/171
f 143/182/165 82/190/30 158/191/172
f 308/192/32 157/179/163 172/187/169
f 151/184/166 150/180/164 165/189/171 166/193/173
f 144/185/167 143/182/165 158/191/172 159/194/174
f 152/169/153 151/184/166 166/193/173 167/195/175
f 145/171/155 144/185/167 159/194/174 160/196/176
f 153/170/154 152/169/153 167/195/175 168/197/177
f 146/172/156 145/171/155 160/196/176 161/198/178
f 154/173/157 153/170/154 168/197/177 169/199/179
f 147/174/158 146/172/156 161/198/178 162/200/180
f 155/175/159 154/173/157 169/199/179 170/201/181
f 148/176/160 147/174/158 162/200/180 163/202/182
f 156/177/161 155/175/159 170/201/181 171/186/168
f 149/178/162 148/176/160 163/202/182 164/188/170
f 161/198/178 160/196/176 175/203/183 176/204/184
f 169/199/179 168/197/177 183/205/185 184/206/186
f 162/200/180 161/198/178 176/204/184 177/207/187
f 170/201/181 169/199/179 184/206/186 185/208/188
f 163/202/182 162/200/180 177/207/187 178/209/189
f 171/186/168 170/201/181 185/208/188 186/210/190
f 164/188/170 163/202/182 178/209/189 179/211/191
f 172/187/169 171/186/168 186/210/190 187/212/192
f 165/189/171 164/188/170 179/211/191 180/213/193
f 158/191/172 82/214/30 173/215/194
f 308/216/32 172/187/169 187/212/192
f 166/193/173 165/189/171 180/213/193 181/217/195
f 159/194/174 158/191/172 173/215/194 174/218/196
f 167/195/175 166/193/173 181/217/195 182/219/197
f 160/196/176 159/194/174 174/218/196 175/203/183
f 168/197/177 167/195/175 182/219/197 183/205/185
f 180/213/193 179/211/191 194/220/198 195/221/199
f 173/215/194 82/222/30 188/223/200
f 308/224/32 187/212/192 202/225/201
f 181/217/195 180/213/193 195/221/199 196/226/202
f 174/218/196 173/215/194 188/223/200 189/227/203
f 182/219/197 181/217/195 196/226/202 197/228/204
f 175/203/183 174/218/196 189/227/203 190/229/205
f 183/205/185 182/219/197 197/228/204 198/230/206
f 176/204/184 175/203/183 190/229/205 191/231/207
f 184/206/186 183/205/185 198/230/206 199/232/208
f 177/207/187 176/204/184 191/231/207 192/233/209
f 185/208/188 184/206/186 199/232/208 200/234/210
f 178/209/189 177/207/187 192/233/209 193/235/211
f 186/210/190 185/208/188 200/234/210 201/236/212
f 179/211/191 178/209/189 193/235/211 194/220/198
f 187/212/192 186/210/190 201/236/212 202/225/201
f 199/232/208 198/230/206 213/237/213 214/238/214
f 192/233/209 191/231/207 206/239/215 207/240/216
f 200/234/210 199/232/208 214/238/214 215/241/217
f 193/235/211 192/233/209 207/240/216 208/242/218
f 201/236/212 200/234/210 215/241/217 216/243/219
f 194/220/198 193/235/211 208/242/218 209/244/220
f 202/225/201 201/236/212 216/243/219 217/245/221
f 195/221/199 194/220/198 209/244/220 210/246/222
f 188/223/200 82/247/30 203/248/223
f 308/249/32 202/225/201 217/245/221
f 196/226/202 195/221/199 210/246/222 211/250/224
f 189/227/203 188/223/200 203/248/223 204/251/225
f 197/228/204 196/226/202 211/250/224 212/252/226
f 190/229/205 189/227/203 204/251/225 205/253/227
f 198/230/206 197/228/204 212/252/226 213/237/213
f 191/231/207 190/229/205 205/253/227 206/239/215
f 308/254/32 217/245/221 232/255/228
f 211/250/224 210/246/222 225/256/229 226/257/230
f 204/251/225 203/248/223 218/258/231 219/259/232
f 212/252/226 211/250/224 226/257/230 227/260/233
f 205/253/227 204/251/225 219/259/232 220/261/234
f 213/237/213 212/252/226 227/260/233 228/262/235
f 206/239/215 205/253/227 220/261/234 221/263/236
f 214/238/214 213/237/213 228/262/235 229/264/237
f 207/240/216 206/239/215 221/263/236 222/265/238
f 215/241/217 214/238/214 229/264/237 230/266/239
f 208/242/218 207/240/216 222/265/238 223/267/240
f 216/243/219 215/241/217 230/266/239 231/268/241
f 209/244/220 208/242/218 223/267/240 224/269/242
f 217/245/221 216/243/219 231/268/241 232/255/228
f 210/246/222 209/244/220 224/269/242 225/256/229
f 203/248/223 82/270/30 218/258/231
f 230/266/239 229/264/237 244/271/243 245/272/244
f 223/267/240 222/265/238 237/273/245 238/274/246
f 231/268/241 230/266/239 245/272/244 246/275/247
f 224/269/242 223/267/240 238/274/246 239/276/248
f 232/255/228 231/268/241 246/275/247 247/277/249
f 225/256/229 224/269/242 239/276/248 240/278/250
f 218/258/231 82/279/30 233/280/251
f 308/281/32 232/255/228 247/277/249
f 226/257/230 225/256/229 240/278/250 241/282/252
f 219/259/232 218/258/231 233/280/251 234/283/253
f 227/260/233 226/257/230 241/282/252 242/284/254
f 220/261/234 219/259/232 234/283/253 235/285/255
f 228/262/235 227/260/233 242/284/254 243/286/256
f 221/263/236 220/261/234 235/285/255 236/287/257
f 229/264/237 228/262/235 243/286/256 244/271/243
f 222/265/238 221/263/236 236/287/257 237/273/245
f 234/283/253 233/280/251 248/288/258 249/289/259
f 242/284/254 241/282/252 256/290/260 257/291/261
f 235/285/255 234/283/253 249/289/259 250/292/262
f 243/286/256 242/284/254 257/291/261 258/293/263
f 236/287/257 235/285/255 250/292/262 251/294/264
f 244/271/243 243/286/256 258/293/263 259/295/265
f 237/273/245 236/287/257 251/294/264 252/296/266
f 245/272/244 244/271/243 259/295/265 260/297/267
f 238/274/246 237/273/245 252/296/266 253/298/268
f 246/275/247 245/272/244 260/297/267 261/299/269
f 239/276/248 238/274/246 253/298/268 254/300/270
f 247/277/249 246/275/247 261/299/269 262/301/271
f 240/278/250 239/276/248 254/300/270 255/302/272
f 233/280/251 82/303/30 248/288/258
f 308/304/32 247/277/249 262/301/271
f 241/282/252 240/278/250 255/302/272 256/290/260
f 253/298/268 252/296/266 267/305/273 268/306/274
f 261/299/269 260/297/267 275/307/275 276/308/276
f 254/300/270 253/298/268 268/306/274 269/309/277
f 262/301/271 261/299/269 276/308/276 277/310/278
f 255/302/272 254/300/270 269/309/277 270/311/279
f 248/288/258 82/312/30 263/313/280
f 308/314/32 262/301/271 277/310/278
f 256/290/260 255/302/272 270/311/279 271/315/281
f 249/289/259 248/288/258 263/313/280 264/316/282
f 257/291/261 256/290/260 271/315/281 272/317/283
f 250/292/262 249/289/259 264/316/282 265/318/284
f 258/293/263 257/291/261 272/317/283 273/319/285
f 251/294/264 250/292/262 265/318/284 266/320/286
f 259/295/265 258/293/263 273/319/285 274/321/287
f 252/296/266 251/294/264 266/320/286 267/305/273
f 260/297/267 259/295/265 274/321/287 275/307/275
f 272/317/283 271/315/281 286/322/288 287/323/289
f 265/318/284 264/316/282 279/324/290 280/325/291
f 273/319/285 272/317/283 287/323/289 288/326/292
f 266/320/286 265/318/284 280/325/291 281/327/293
f 274/321/287 273/319/285 288/326/292 289/328/294
f 267/305/273 266/320/286 281/327/293 282/329/295
f 275/307/275 274/321/287 289/328/294 290/330/296
f 268/306/274 267/305/273 282/329/295 283/331/297
f 276/308/276 275/307/275 290/330/296 291/332/298
f 269/309/277 268/306/274 283/331/297 284/333/299
f 277/310/278 276/308/276 291/332/298 292/334/300
f 270/311/279 269/309/277 284/333/299 285/335/301
f 263/313/280 82/336/30 278/337/302
f 308/338/32 277/310/278 292/334/300
f 271/315/281 270/311/279 285/335/301 286/322/288
f 264/316/282 263/313/280 278/337/302 279/324/290
f 291/332/298 290/330/296 305/339/303 306/340/304
f 284/333/299 283/331/297 298/341/305 299/342/306
f 292/334/300 291/332/298 306/340/304 307/343/307
f 285/335/301 284/333/299 299/342/306 300/344/308
f 278/337/302 82/345/30 293/346/309
f 308/347/32 292/334/300 307/343/307
f 286/322/288 285/335/301 300/344/308 301/348/310
f 279/324/290 278/337/302 293/346/309 294/349/311
f 287/323/289 286/322/288 301/348/310 302/350/312
f 280/325/291 279/324/290 294/349/311 295/351/313
f 288/326/292 287/323/289 302/350/312 303/352/314
f 281/327/293 280/325/291 295/351/313 296/353/315
f 289/328/294 288/326/292 303/352/314 304/354/316
f 282/329/295 281/327/293 296/353/315 297/355/317
f 290/330/296 289/328/294 304/354/316 305/339/303
f 283/331/297 282/329/295 297/355/317 298/341/305
f 295/351/313 294/349/311 310/356/318 311/357/319
f 303/352/314 302/350/312 318/358/320 319/359/321
f 296/353/315 295/351/313 311/357/319 312/360/322
f 304/354/316 303/352/314 319/359/321 320/361/323
f 297/355/317 296/353/315 312/360/322 313/362/324
f 305/339/303 304/354/316 320/361/323 321/363/325
f 298/341/305 297/355/317 313/362/324 314/364/326
f 306/340/304 305/339/303 321/363/325 322/365/327
f 299/342/306 298/341/305 314/364/326 315/366/328
f 307/343/307 306/340/304 322/365/327 323/367/329
f 300/344/308 299/342/306 315/366/328 316/368/330
f 293/346/309 82/369/30 309/370/331
f 308/371/32 307/343/307 323/367/329
f 301/348/310 300/344/308 316/368/330 317/372/332
f 294/349/311 293/346/309 309/370/331 310/356/318
f 302/350/312 301/348/310 317/372/332 318/358/320
f 315/366/328 314/364/326 329/373/333 330/374/334
f 323/367/329 322/365/327 337/375/335 338/376/336
f 316/368/330 315/366/328 330/374/334 331/377/337
f 309/370/331 82/378/30 324/379/338
f 308/380/32 323/367/329 338/376/336
f 317/372/332 316/368/330 331/377/337 332/381/339
f 310/356/318 309/370/331 324/379/338 325/382/340
f 318/358/320 317/372/332 332/381/339 333/383/341
f 311/357/319 310/356/318 325/382/340 326/384/342
f 319/359/321 318/358/320 333/383/341 334/385/343
f 312/360/322 311/357/319 326/384/342 327/386/344
f 320/361/323 319/359/321 334/385/343 335/387/345
f 313/362/324 312/360/322 327/386/344 328/388/346
f 321/363/325 320/361/323 335/387/345 336/389/347
f 314/364/326 313/362/324 328/388/346 329/373/333
f 322/365/327 321/363/325 336/389/347 337/375/335
f 334/385/343 333/383/341 348/390/348 349/391/349
f 327/386/344 326/384/342 341/392/350 342/393/351
f 335/387/345 334/385/343 349/391/349 350/394/352
f 328/388/346 327/386/344 342/393/351 343/395/353
f 336/389/347 335/387/345 350/394/352 351/396/354
f 329/373/333 328/388/346 343/395/353 344/397/355
f 337/375/335 336/389/347 351/396/354 352/398/356
f 330/374/334 329/373/333 344/397/355 345/399/357
f 338/376/336 337/375/335 352/398/356 353/400/358
f 331/377/337 330/374/334 345/399/357 346/401/359
f 324/379/338 82/402/30 339/403/360
f 308/404/32 338/376/336 353/400/358
f 332/381/339 331/377/337 346/401/359 347/405/361
f 325/382/340 324/379/338 339/403/360 340/406/362
f 333/383/341 332/381/339 347/405/361 348/390/348
f 326/384/342 325/382/340 340/406/362 341/392/350
f 353/400/358 352/398/356 367/407/363 368/408/364
f 346/401/359 345/399/357 360/409/365 361/410/366
f 339/403/360 82/411/30 354/412/367
f 308/413/32 353/400/358 368/408/364
f 347/405/361 346/401/359 361/410/366 362/414/368
f 340/406/362 339/403/360 354/412/367 355/415/369
f 348/390/348 347/405/361 362/414/368 363/416/370
f 341/392/350 340/406/362 355/415/369 356/417/371
f 349/391/349 348/390/348 363/416/370 364/418/372
f 342/393/351 341/392/350 356/417/371 357/419/373
f 350/394/352 349/391/349 364/418/372 365/420/374
f 343/395/353 342/393/351 357/419/373 358/421/375
f 351/396/354 350/394/352 365/420/374 366/422/376
f 344/397/355 343/395/353 358/421/375 359/423/377
f 352/398/356 351/396/354 366/422/376 367/407/363
f 345/399/357 344/397/355 359/423/377 360/409/365
f 365/424/374 364/425/372 379/426/378 380/427/379
f 358/428/375 357/429/373 372/430/380 373/431/381
f 366/432/376 365/424/374 380/427/379 381/433/382
f 359/434/377 358/428/375 373/431/381 374/435/383
f 367/436/363 366/432/376 381/433/382 382/437/384
f 360/438/365 359/434/377 374/435/383 375/439/385
f 368/440/364 367/436/363 382/437/384 383/441/386
f 361/442/366 360/438/365 375/439/385 376/443/387
f 354/444/367 82/445/30 369/446/388
f 308/447/32 368/440/364 383/441/386
f 362/448/368 361/442/366 376/443/387 377/449/389
f 355/450/369 354/444/367 369/446/388 370/451/390
f 363/452/370 362/448/368 377/449/389 378/453/391
f 356/454/371 355/450/369 370/451/390 371/455/392
f 364/425/372 363/452/370 378/453/391 379/426/378
f 357/429/373 356/454/371 371/455/392 372/430/380
f 369/446/388 82/456/30 384/457/393
f 308/458/32 383/441/386 398/459/394
f 377/449/389 376/443/387 391/460/395 392/461/396
f 370/451/390 369/446/388 384/457/393 385/462/397
f 378/453/391 377/449/389 392/461/396 393/463/398
f 371/455/392 370/451/390 385/462/397 386/464/399
f 379/426/378 378/453/391 393/463/398 394/465/400
f 372/430/380 371/455/392 386/464/399 387/466/401
f 380/427/379 379/426/378 394/465/400 395/467/402
f 373/431/381 372/430/380 387/466/401 388/468/403
f 381/433/382 380/427/379 395/467/402 396/469/404
f 374/435/383 373/431/381 388/468/403 389/470/405
f 382/437/384 381/433/382 396/469/404 397/471/406
f 375/439/385 374/435/383 389/470/405 390/472/407
f 383/441/386 382/437/384 397/471/406 398/459/394
f 376/443/387 375/439/385 390/472/407 391/460/395
f 388/468/403 387/466/401 402/473/408 403/474/409
f 396/469/404 395/467/402 410/475/410 411/476/411
f 389/470/405 388/468/403 403/474/409 404/477/412
f 397/471/406 396/469/404 411/476/411 412/478/413
f 390/472/407 389/470/405 404/477/412 405/479/414
f 398/459/394 397/471/406 412/478/413 413/480/415
f 391/460/395 390/472/407 405/479/414 406/481/416
f 384/457/393 82/482/30 399/483/417
f 308/484/32 398/459/394 413/480/415
f 392/461/396 391/460/395 406/481/416 407/485/418
f 385/462/397 384/457/393 399/483/417 400/486/419
f 393/463/398 392/461/396 407/485/418 408/487/420
f 386/464/399 385/462/397 400/486/419 401/488/421
f 394/465/400 393/463/398 408/487/420 409/489/422
f 387/466/401 386/464/399 401/488/421 402/473/408
f 395/467/402 394/465/400 409/489/422 410/475/410
f 407/485/418 406/481/416 421/490/423 422/491/424
f 400/486/419 399/483/417 414/492/425 415/493/426
f 408/487/420 407/485/418 422/491/424 423/494/427
f 401/488/421 400/486/419 415/493/426 416/495/428
f 409/489/422 408/487/420 423/494/427 424/496/429
f 402/473/408 401/488/421 416/495/428 417/497/430
f 410/475/410 409/489/422 424/496/429 425/498/431
f 403/474/409 402/473/408 417/497/430 418/499/432
f 411/476/411 410/475/410 425/498/431 426/500/433
f 404/477/412 403/474/409 418/499/432 419/501/434
f 412/478/413 411/476/411 426/500/433 427/502/435
f 405/479/414 404/477/412 419/501/434 420/503/436
f 413/480/415 412/478/413 427/502/435 428/504/437
f 406/481/416 405/479/414 420/503/436 421/490/423
f 399/483/417 82/505/30 414/492/425
f 308/506/32 413/480/415 428/504/437
f 426/500/433 425/498/431 440/507/438 441/508/439
f 419/501/434 418/499/432 433/509/440 434/510/441
f 427/502/435 426/500/433 441/508/439 442/511/442
f 420/503/436 419/501/434 434/510/441 435/512/443
f 428/504/437 427/502/435 442/511/442 443/513/444
f 421/490/423 420/503/436 435/512/443 436/514/445
f 414/492/425 82/515/30 429/516/446
f 308/517/32 428/504/437 443/513/444
f 422/491/424 421/490/423 436/514/445 437/518/447
f 415/493/426 414/492/425 429/516/446 430/519/448
f 423/494/427 422/491/424 437/518/447 438/520/449
f 416/495/428 415/493/426 430/519/448 431/521/450
f 424/496/429 423/494/427 438/520/449 439/522/451
f 417/497/430 416/495/428 431/521/450 432/523/452
f 425/498/431 424/496/429 439/522/451 440/507/438
f 418/499/432 417/497/430 432/523/452 433/509/440
f 430/519/448 429/516/446 444/524/453 445/525/454
f 438/520/449 437/518/447 452/526/455 453/527/456
f 431/521/450 430/519/448 445/525/454 446/528/457
f 439/522/451 438/520/449 453/527/456 454/529/458
f 432/523/452 431/521/450 446/528/457 447/530/459
f 440/507/438 439/522/451 454/529/458 455/531/460
f 433/509/440 432/523/452 447/530/459 448/532/461
f 441/508/439 440/507/438 455/531/460 456/533/462
f 434/510/441 433/509/440 448/532/461 449/534/463
f 442/511/442 441/508/439 456/533/462 457/535/464
f 435/512/443 434/510/441 449/534/463 450/536/465
f 443/513/444 442/511/442 457/535/464 458/537/466
f 436/514/445 435/512/443 450/536/465 451/538/467
f 429/516/446 82/539/30 444/524/453
f 308/540/32 443/513/444 458/537/466
f 437/518/447 436/514/445 451/538/467 452/526/455
f 449/534/463 448/532/461 463/541/468 464/542/469
f 457/535/464 456/533/462 471/543/470 472/544/471
f 450/536/465 449/534/463 464/542/469 465/545/472
f 458/537/466 457/535/464 472/544/471 473/546/473
f 451/538/467 450/536/465 465/545/472 466/547/474
f 444/524/453 82/548/30 459/549/475
f 308/550/32 458/537/466 473/546/473
f 452/526/455 451/538/467 466/547/474 467/551/476
f 445/525/454 444/524/453 459/549/475 460/552/477
f 453/527/456 452/526/455 467/551/476 468/553/478
f 446/528/457 445/525/454 460/552/477 461/554/479
f 454/529/458 453/527/456 468/553/478 469/555/480
f 447/530/459 446/528/457 461/554/479 462/556/481
f 455/531/460 454/529/458 469/555/480 470/557/482
f 448/532/461 447/530/459 462/556/481 463/541/468
f 456/533/462 455/531/460 470/557/482 471/543/470
f 468/553/478 467/551/476 5/2/2 478/1/1
f 461/554/479 460/552/477 475/6/6 1/5/5
f 469/555/480 468/553/478 478/1/1 6/9/9
f 462/556/481 461/554/479 1/5/5 476/11/11
f 470/557/482 469/555/480 6/9/9 479/13/13
f 463/541/468 462/556/481 476/11/11 2/15/15
f 471/543/470 470/557/482 479/13/13 480/17/17
f 464/542/469 463/541/468 2/15/15 477/19/19
f 472/544/471 471/543/470 480/17/17 481/21/21
f 465/545/472 464/542/469 477/19/19 3/23/23
f 473/546/473 472/544/471 481/21/21 482/25/25
f 466/547/474 465/545/472 3/23/23 4/27/27
f 459/549/475 82/558/30 474/29/29
f 308/559/32 473/546/473 482/25/25
f 467/551/476 466/547/474 4/27/27 5/2/2
f 460/552/477 459/549/475 474/29/29 475/6/6
f 504/560/483 498/561/484 496/562/485 502/563/486
f 505/564/487 500/565/488 495/566/489 501/567/490
f 502/563/486 496/562/485 500/565/488 505/564/487
f 494/568/491 502/563/486 505/564/487 499/569/492
f 492/570/493 503/571/493 504/560/483 497/572/494
f 499/569/492 505/564/487 501/567/490 493/573/495
f 497/572/494 504/560/483 502/563/486 494/568/491
f 517/574/496 529/575/497 528/576/498
f 519/577/499 530/578/500 529/575/497
f 523/579/501 531/580/502 530/578/500
f 531/580/502 517/581/496 528/582/498
f 522/583/503 516/584/504 518/585/505
f 519/586/499 521/587/506 523/579/501
f 527/588/507 535/589/508 534/590/509
f 526/591/510 534/590/509 533/592/511
f 532/593/512 526/591/510 533/592/511
f 524/594/513 532/593/512 535/595/508
f 527/588/507 528/582/498 524/596/513
f 530/578/500 527/588/507 526/591/510
f 529/575/497 526/591/510 525/597/514
f 528/576/498 525/597/514 524/594/513
f 535/595/508 518/598/505 516/599/504
f 518/598/505 533/592/511 522/583/503
f 533/592/511 520/600/515 522/583/503
f 534/590/509 516/601/504 520/600/515
f 517/574/496 519/577/499 529/575/497
f 519/577/499 523/579/501 530/578/500
f 523/579/501 521/587/506 531/580/502
f 531/580/502 521/587/506 517/581/496
f 522/583/503 520/600/515 516/584/504
f 519/586/499 517/602/496 521/587/506
f 527/588/507 524/596/513 535/589/508
f 526/591/510 527/588/507 534/590/509
f 532/593/512 525/597/514 526/591/510
f 524/594/513 525/597/514 532/593/512
f 527/588/507 531/580/502 528/582/498
f 530/578/500 531/580/502 527/588/507
f 529/575/497 530/578/500 526/591/510
f 528/576/498 529/575/497 525/597/514
f 535/595/508 532/593/512 518/598/505
f 518/598/505 532/593/512 533/592/511
f 533/592/511 534/590/509 520/600/515
f 534/590/509 535/589/508 516/601/504
f 1009/603/516 617/604/517 542/605/518
f 843/606/32 1017/607/519 556/608/520
f 540/609/521 539/610/27 549/611/522 550/612/523
f 1010/613/524 1009/603/516 542/605/518 543/614/525
f 1013/615/526 540/609/521 550/612/523 551/616/527
f 536/617/528 1010/613/524 543/614/525 544/618/529
f 541/619/530 1013/615/526 551/616/527 552/620/531
f 1011/621/532 536/617/528 544/618/529 545/622/533
f 1014/623/534 541/619/530 552/620/531 553/624/535
f 537/625/536 1011/621/532 545/622/533 546/626/537
f 1015/627/538 1014/623/534 553/624/535 554/628/539
f 1012/629/540 537/625/536 546/626/537 547/630/541
f 1016/631/542 1015/627/538 554/628/539 555/632/543
f 538/633/544 1012/629/540 547/630/541 548/634/545
f 1017/607/519 1016/631/542 555/632/543 556/608/520
f 539/610/27 538/633/544 548/634/545 549/611/522
f 548/634/545 547/630/541 562/635/546 563/636/547
f 556/608/520 555/632/543 570/637/548 571/638/549
f 549/611/522 548/634/545 563/636/547 564/639/550
f 542/605/518 617/604/517 557/640/551
f 843/606/32 556/608/520 571/638/549
f 550/612/523 549/611/522 564/639/550 565/641/552
f 543/614/525 542/605/518 557/640/551 558/642/553
f 551/616/527 550/612/523 565/641/552 566/643/554
f 544/618/529 543/614/525 558/642/553 559/644/555
f 552/620/531 551/616/527 566/643/554 567/645/556
f 545/622/533 544/618/529 559/644/555 560/646/557
f 553/624/535 552/620/531 567/645/556 568/647/558
f 546/626/537 545/622/533 560/646/557 561/648/559
f 554/628/539 553/624/535 568/647/558 569/649/560
f 547/630/541 546/626/537 561/648/559 562/635/546
f 555/632/543 554/628/539 569/649/560 570/637/548
f 567/645/556 566/643/554 581/650/561 582/651/562
f 560/646/557 559/644/555 574/652/563 575/653/564
f 568/647/558 567/645/556 582/651/562 583/654/565
f 561/648/559 560/646/557 575/653/564 576/655/566
f 569/649/560 568/647/558 583/654/565 584/656/567
f 562/635/546 561/648/559 576/655/566 577/657/568
f 570/637/548 569/649/560 584/656/567 585/658/569
f 563/636/547 562/635/546 577/657/568 578/659/570
f 571/638/549 570/637/548 585/658/569 586/660/571
f 564/639/550 563/636/547 578/659/570 579/661/572
f 557/640/551 617/604/517 572/662/573
f 843/606/32 571/638/549 586/660/571
f 565/641/552 564/639/550 579/661/572 580/663/574
f 558/642/553 557/640/551 572/662/573 573/664/575
f 566/643/554 565/641/552 580/663/574 581/650/561
f 559/644/555 558/642/553 573/664/575 574/652/563
f 586/660/571 585/658/569 600/665/576 601/666/577
f 579/661/572 578/659/570 593/667/578 594/668/579
f 572/662/573 617/604/517 587/669/580
f 843/606/32 586/660/571 601/666/577
f 580/663/574 579/661/572 594/668/579 595/670/581
f 573/664/575 572/662/573 587/669/580 588/671/582
f 581/650/561 580/663/574 595/670/581 596/672/583
f 574/652/563 573/664/575 588/671/582 589/673/584
f 582/651/562 581/650/561 596/672/583 597/674/585
f 575/653/564 574/652/563 589/673/584 590/675/586
f 583/654/565 582/651/562 597/674/585 598/676/587
f 576/655/566 575/653/564 590/675/586 591/677/588
f 584/656/567 583/654/565 598/676/587 599/678/589
f 577/657/568 576/655/566 591/677/588 592/679/590
f 585/658/569 584/656/567 599/678/589 600/665/576
f 578/659/570 577/657/568 592/679/590 593/667/578
f 598/676/587 597/674/585 612/680/591 613/681/592
f 591/677/588 590/675/586 605/682/593 606/683/594
f 599/678/589 598/676/587 613/681/592 614/684/595
f 592/679/590 591/677/588 606/683/594 607/685/596
f 600/665/576 599/678/589 614/684/595 615/686/597
f 593/667/578 592/679/590 607/685/596 608/687/598
f 601/666/577 600/665/576 615/686/597 616/688/599
f 594/668/579 593/667/578 608/687/598 609/689/600
f 587/669/580 617/604/517 602/690/601
f 843/606/32 601/666/577 616/688/599
f 595/670/581 594/668/579 609/689/600 610/691/602
f 588/671/582 587/669/580 602/690/601 603/692/603
f 596/672/583 595/670/581 610/691/602 611/693/604
f 589/673/584 588/671/582 603/692/603 604/694/605
f 597/674/585 596/672/583 611/693/604 612/680/591
f 590/675/586 589/673/584 604/694/605 605/682/593
f 602/690/601 617/604/517 618/695/606
f 843/606/32 616/688/599 632/696/607
f 610/691/602 609/689/600 625/697/608 626/698/609
f 603/692/603 602/690/601 618/695/606 619/699/610
f 611/693/604 610/691/602 626/698/609 627/700/611
f 604/694/605 603/692/603 619/699/610 620/701/612
f 612/680/591 611/693/604 627/700/611 628/702/613
f 605/682/593 604/694/605 620/701/612 621/703/614
f 613/681/592 612/680/591 628/702/613 629/704/615
f 606/683/594 605/682/593 621/703/614 622/705/616
f 614/684/595 613/681/592 629/704/615 630/706/617
f 607/685/596 606/683/594 622/705/616 623/707/618
f 615/686/597 614/684/595 630/706/617 631/708/619
f 608/687/598 607/685/596 623/707/618 624/709/620
f 616/688/599 615/686/597 631/708/619 632/696/607
f 609/689/600 608/687/598 624/709/620 625/697/608
f 622/705/616 621/703/614 636/710/621 637/711/622
f 630/706/617 629/704/615 644/712/623 645/713/624
f 623/707/618 622/705/616 637/711/622 638/714/625
f 631/708/619 630/706/617 645/713/624 646/715/626
f 624/709/620 623/707/618 638/714/625 639/716/627
f 632/696/607 631/708/619 646/715/626 647/717/628
f 625/697/608 624/709/620 639/716/627 640/718/629
f 618/695/606 617/604/517 633/719/630
f 843/606/32 632/696/607 647/717/628
f 626/698/609 625/697/608 640/718/629 641/720/631
f 619/699/610 618/695/606 633/719/630 634/721/632
f 627/700/611 626/698/609 641/720/631 642/722/633
f 620/701/612 619/699/610 634/721/632 635/723/634
f 628/702/613 627/700/611 642/722/633 643/724/635
f 621/703/614 620/701/612 635/723/634 636/710/621
f 629/704/615 628/702/613 643/724/635 644/712/623
f 641/720/631 640/718/629 655/725/135 656/726/636
f 634/721/632 633/719/630 648/727/637 649/728/638
f 642/722/633 641/720/631 656/726/636 657/729/639
f 635/723/634 634/721/632 649/728/638 650/730/640
f 643/724/635 642/722/633 657/729/639 658/731/641
f 636/710/621 635/723/634 650/730/640 651/732/642
f 644/712/623 643/724/635 658/731/641 659/733/643
f 637/711/622 636/710/621 651/732/642 652/734/644
f 645/713/624 644/712/623 659/733/643 660/735/645
f 638/714/625 637/711/622 652/734/644 653/736/646
f 646/715/626 645/713/624 660/735/645 661/737/647
f 639/716/627 638/714/625 653/736/646 654/738/648
f 647/717/628 646/715/626 661/737/647 662/739/649
f 640/718/629 639/716/627 654/738/648 655/725/135
f 633/719/630 617/604/517 648/727/637
f 843/606/32 647/717/628 662/739/649
f 660/740/645 659/741/643 674/742/650 675/743/651
f 653/744/646 652/745/644 667/746/652 668/747/653
f 661/748/647 660/740/645 675/743/651 676/749/654
f 654/750/648 653/744/646 668/747/653 669/751/655
f 662/752/649 661/748/647 676/749/654 677/753/656
f 655/754/135 654/750/648 669/751/655 670/755/657
f 648/756/637 617/757/517 663/758/658
f 843/759/32 662/752/649 677/753/656
f 656/760/636 655/754/135 670/755/657 671/761/659
f 649/762/638 648/756/637 663/758/658 664/763/660
f 657/764/639 656/760/636 671/761/659 672/765/661
f 650/766/640 649/762/638 664/763/660 665/767/662
f 658/768/641 657/764/639 672/765/661 673/769/663
f 651/770/642 650/766/640 665/767/662 666/771/664
f 659/741/643 658/768/641 673/769/663 674/742/650
f 652/745/644 651/770/642 666/771/664 667/746/652
f 664/763/660 663/758/658 678/772/665 679/773/666
f 672/765/661 671/761/659 686/774/667 687/775/668
f 665/767/662 664/763/660 679/773/666 680/776/669
f 673/769/663 672/765/661 687/775/668 688/777/670
f 666/771/664 665/767/662 680/776/669 681/778/671
f 674/742/650 673/769/663 688/777/670 689/779/672
f 667/746/652 666/771/664 681/778/671 682/780/673
f 675/743/651 674/742/650 689/779/672 690/781/674
f 668/747/653 667/746/652 682/780/673 683/782/675
f 676/749/654 675/743/651 690/781/674 691/783/676
f 669/751/655 668/747/653 683/782/675 684/784/677
f 677/753/656 676/749/654 691/783/676 692/785/678
f 670/755/657 669/751/655 684/784/677 685/786/679
f 663/758/658 617/757/517 678/772/665
f 843/759/32 677/753/656 692/785/678
f 671/761/659 670/755/657 685/786/679 686/774/667
f 683/782/675 682/780/673 697/787/680 698/788/681
f 691/783/676 690/781/674 705/789/682 706/790/683
f 684/784/677 683/782/675 698/788/681 699/791/684
f 692/785/678 691/783/676 706/790/683 707/792/685
f 685/786/679 684/784/677 699/791/684 700/793/686
f 678/772/665 617/757/517 693/794/687
f 843/759/32 692/785/678 707/792/685
f 686/774/667 685/786/679 700/793/686 701/795/688
f 679/773/666 678/772/665 693/794/687 694/796/689
f 687/775/668 686/774/667 701/795/688 702/797/690
f 680/776/669 679/773/666 694/796/689 695/798/691
f 688/777/670 687/775/668 702/797/690 703/799/692
f 681/778/671 680/776/669 695/798/691 696/800/693
f 689/779/672 688/777/670 703/799/692 704/801/694
f 682/780/673 681/778/671 696/800/693 697/787/680
f 690/781/674 689/779/672 704/801/694 705/789/682
f 702/797/690 701/795/688 716/802/695 717/803/696
f 695/798/691 694/796/689 709/804/697 710/805/698
f 703/799/692 702/797/690 717/803/696 718/806/699
f 696/800/693 695/798/691 710/805/698 711/807/700
f 704/801/694 703/799/692 718/806/699 719/808/701
f 697/787/680 696/800/693 711/807/700 712/809/702
f 705/789/682 704/801/694 719/808/701 720/810/703
f 698/788/681 697/787/680 712/809/702 713/811/704
f 706/790/683 705/789/682 720/810/703 721/812/705
f 699/791/684 698/788/681 713/811/704 714/813/706
f 707/792/685 706/790/683 721/812/705 722/814/707
f 700/793/686 699/791/684 714/813/706 715/815/708
f 693/794/687 617/757/517 708/816/709
f 843/759/32 707/792/685 722/814/707
f 701/795/688 700/793/686 715/815/708 716/802/695
f 694/796/689 693/794/687 708/816/709 709/804/697
f 721/812/705 720/810/703 735/817/710 736/818/711
f 714/813/706 713/811/704 728/819/712 729/820/713
f 722/814/707 721/812/705 736/818/711 737/821/714
f 715/815/708 714/813/706 729/820/713 730/822/715
f 708/816/709 617/757/517 723/823/716
f 843/759/32 722/814/707 737/821/714
f 716/802/695 715/815/708 730/822/715 731/824/717
f 709/804/697 708/816/709 723/823/716 724/825/718
f 717/803/696 716/802/695 731/824/717 732/826/719
f 710/805/698 709/804/697 724/825/718 725/827/720
f 718/806/699 717/803/696 732/826/719 733/828/721
f 711/807/700 710/805/698 725/827/720 726/829/722
f 719/808/701 718/806/699 733/828/721 734/830/723
f 712/809/702 711/807/700 726/829/722 727/831/724
f 720/810/703 719/808/701 734/830/723 735/817/710
f 713/811/704 712/809/702 727/831/724 728/819/712
f 733/828/721 732/826/719 747/832/725 748/833/726
f 726/829/722 725/827/720 740/834/727 741/835/728
f 734/830/723 733/828/721 748/833/726 749/836/729
f 727/831/724 726/829/722 741/835/728 742/837/730
f 735/817/710 734/830/723 749/836/729 750/838/731
f 728/819/712 727/831/724 742/837/730 743/839/732
f 736/818/711 735/817/710 750/838/731 751/840/733
f 729/820/713 728/819/712 743/839/732 744/841/734
f 737/821/714 736/818/711 751/840/733 752/842/735
f 730/822/715 729/820/713 744/841/734 745/843/736
f 723/823/716 617/757/517 738/844/737
f 843/759/32 737/821/714 752/842/735
f 731/824/717 730/822/715 745/843/736 746/845/738
f 724/825/718 723/823/716 738/844/737 739/846/739
f 732/826/719 731/824/717 746/845/738 747/832/725
f 725/827/720 724/825/718 739/846/739 740/834/727
f 752/842/735 751/840/733 766/847/740 767/848/741
f 745/843/736 744/841/734 759/849/742 760/850/743
f 738/844/737 617/757/517 753/851/744
f 843/759/32 752/842/735 767/848/741
f 746/845/738 745/843/736 760/850/743 761/852/745
f 739/846/739 738/844/737 753/851/744 754/853/746
f 747/832/725 746/845/738 761/852/745 762/854/747
f 740/834/727 739/846/739 754/853/746 755/855/748
f 748/833/726 747/832/725 762/854/747 763/856/749
f 741/835/728 740/834/727 755/855/748 756/857/750
f 749/836/729 748/833/726 763/856/749 764/858/751
f 742/837/730 741/835/728 756/857/750 757/859/752
f 750/838/731 749/836/729 764/858/751 765/860/753
f 743/839/732 742/837/730 757/859/752 758/861/754
f 751/840/733 750/838/731 765/860/753 766/847/740
f 744/841/734 743/839/732 758/861/754 759/849/742
f 756/857/750 755/855/748 770/862/755 771/863/756
f 764/858/751 763/856/749 778/864/757 779/865/758
f 757/859/752 756/857/750 771/863/756 772/866/759
f 765/860/753 764/858/751 779/865/758 780/867/760
f 758/861/754 757/859/752 772/866/759 773/868/761
f 766/847/740 765/860/753 780/867/760 781/869/762
f 759/849/742 758/861/754 773/868/761 774/870/763
f 767/848/741 766/847/740 781/869/762 782/871/764
f 760/850/743 759/849/742 774/870/763 775/872/250
f 753/851/744 617/757/517 768/873/765
f 843/759/32 767/848/741 782/871/764
f 761/852/745 760/850/743 775/872/250 776/874/766
f 754/853/746 753/851/744 768/873/765 769/875/767
f 762/854/747 761/852/745 776/874/766 777/876/768
f 755/855/748 754/853/746 769/875/767 770/862/755
f 763/856/749 762/854/747 777/876/768 778/864/757
f 775/872/250 774/870/763 789/877/769 790/878/272
f 768/873/765 617/757/517 783/879/770
f 843/759/32 782/871/764 797/880/771
f 776/874/766 775/872/250 790/878/272 791/881/772
f 769/875/767 768/873/765 783/879/770 784/882/773
f 777/876/768 776/874/766 791/881/772 792/883/774
f 770/862/755 769/875/767 784/882/773 785/884/775
f 778/864/757 777/876/768 792/883/774 793/885/776
f 771/863/756 770/862/755 785/884/775 786/886/777
f 779/865/758 778/864/757 793/885/776 794/887/778
f 772/866/759 771/863/756 786/886/777 787/888/779
f 780/867/760 779/865/758 794/887/778 795/889/780
f 773/868/761 772/866/759 787/888/779 788/890/781
f 781/869/762 780/867/760 795/889/780 796/891/782
f 774/870/763 773/868/761 788/890/781 789/877/769
f 782/871/764 781/869/762 796/891/782 797/880/771
f 794/887/778 793/885/776 808/892/783 809/893/784
f 787/888/779 786/886/777 801/894/785 802/895/786
f 795/889/780 794/887/778 809/893/784 810/896/787
f 788/890/781 787/888/779 802/895/786 803/897/788
f 796/891/782 795/889/780 810/896/787 811/898/789
f 789/877/769 788/890/781 803/897/788 804/899/790
f 797/880/771 796/891/782 811/898/789 812/900/791
f 790/878/272 789/877/769 804/899/790 805/901/792
f 783/879/770 617/757/517 798/902/793
f 843/759/32 797/880/771 812/900/791
f 791/881/772 790/878/272 805/901/792 806/903/794
f 784/882/773 783/879/770 798/902/793 799/904/795
f 792/883/774 791/881/772 806/903/794 807/905/796
f 785/884/775 784/882/773 799/904/795 800/906/797
f 793/885/776 792/883/774 807/905/796 808/892/783
f 786/886/777 785/884/775 800/906/797 801/894/785
f 798/902/793 617/757/517 813/907/798
f 843/759/32 812/900/791 827/908/799
f 806/903/794 805/901/792 820/909/800 821/910/801
f 799/904/795 798/902/793 813/907/798 814/911/802
f 807/905/796 806/903/794 821/910/801 822/912/803
f 800/906/797 799/904/795 814/911/802 815/913/804
f 808/892/783 807/905/796 822/912/803 823/914/805
f 801/894/785 800/906/797 815/913/804 816/915/806
f 809/893/784 808/892/783 823/914/805 824/916/807
f 802/895/786 801/894/785 816/915/806 817/917/808
f 810/896/787 809/893/784 824/916/807 825/918/809
f 803/897/788 802/895/786 817/917/808 818/919/810
f 811/898/789 810/896/787 825/918/809 826/920/811
f 804/899/790 803/897/788 818/919/810 819/921/812
f 812/900/791 811/898/789 826/920/811 827/908/799
f 805/901/792 804/899/790 819/921/812 820/909/800
f 817/917/808 816/915/806 831/922/813 832/923/814
f 825/918/809 824/916/807 839/924/815 840/925/816
f 818/919/810 817/917/808 832/923/814 833/926/817
f 826/920/811 825/918/809 840/925/816 841/927/818
f 819/921/812 818/919/810 833/926/817 834/928/819
f 827/908/799 826/920/811 841/927/818 842/929/820
f 820/909/800 819/921/812 834/928/819 835/930/821
f 813/907/798 617/757/517 828/931/822
f 843/759/32 827/908/799 842/929/820
f 821/910/801 820/909/800 835/930/821 836/932/823
f 814/911/802 813/907/798 828/931/822 829/933/824
f 822/912/803 821/910/801 836/932/823 837/934/825
f 815/913/804 814/911/802 829/933/824 830/935/826
f 823/914/805 822/912/803 837/934/825 838/936/827
f 816/915/806 815/913/804 830/935/826 831/922/813
f 824/916/807 823/914/805 838/936/827 839/924/815
f 836/932/823 835/930/821 851/937/828 852/938/829
f 829/933/824 828/931/822 844/939/830 845/940/831
f 837/934/825 836/932/823 852/938/829 853/941/832
f 830/935/826 829/933/824 845/940/831 846/942/833
f 838/936/827 837/934/825 853/941/832 854/943/834
f 831/922/813 830/935/826 846/942/833 847/944/835
f 839/924/815 838/936/827 854/943/834 855/945/836
f 832/923/814 831/922/813 847/944/835 848/946/837
f 840/925/816 839/924/815 855/945/836 856/947/838
f 833/926/817 832/923/814 848/946/837 849/948/839
f 841/927/818 840/925/816 856/947/838 857/949/840
f 834/928/819 833/926/817 849/948/839 850/950/841
f 842/929/820 841/927/818 857/949/840 858/951/842
f 835/930/821 834/928/819 850/950/841 851/937/828
f 828/931/822 617/757/517 844/939/830
f 843/759/32 842/929/820 858/951/842
f 856/947/838 855/945/836 870/952/843 871/953/844
f 849/948/839 848/946/837 863/954/845 864/955/846
f 857/949/840 856/947/838 871/953/844 872/956/847
f 850/950/841 849/948/839 864/955/846 865/957/848
f 858/951/842 857/949/840 872/956/847 873/958/849
f 851/937/828 850/950/841 865/957/848 866/959/850
f 844/939/830 617/757/517 859/960/851
f 843/759/32 858/951/842 873/958/849
f 852/938/829 851/937/828 866/959/850 867/961/852
f 845/940/831 844/939/830 859/960/851 860/962/853
f 853/941/832 852/938/829 867/961/852 868/963/854
f 846/942/833 845/940/831 860/962/853 861/964/855
f 854/943/834 853/941/832 868/963/854 869/965/856
f 847/944/835 846/942/833 861/964/855 862/966/857
f 855/945/836 854/943/834 869/965/856 870/952/843
f 848/946/837 847/944/835 862/966/857 863/954/845
f 868/963/854 867/961/852 882/967/858 883/968/859
f 861/964/855 860/962/853 875/969/860 876/970/861
f 869/965/856 868/963/854 883/968/859 884/971/862
f 862/966/857 861/964/855 876/970/861 877/972/863
f 870/952/843 869/965/856 884/971/862 885/973/864
f 863/954/845 862/966/857 877/972/863 878/974/865
f 871/953/844 870/952/843 885/973/864 886/975/866
f 864/955/846 863/954/845 878/974/865 879/976/867
f 872/956/847 871/953/844 886/975/866 887/977/868
f 865/957/848 864/955/846 879/976/867 880/978/869
f 873/958/849 872/956/847 887/977/868 888/979/870
f 866/959/850 865/957/848 880/978/869 881/980/871
f 859/960/851 617/757/517 874/981/872
f 843/759/32 873/958/849 888/979/870
f 867/961/852 866/959/850 881/980/871 882/967/858
f 860/962/853 859/960/851 874/981/872 875/969/860
f 887/977/868 886/975/866 901/982/873 902/983/874
f 880/978/869 879/976/867 894/984/875 895/985/876
f 888/979/870 887/977/868 902/983/874 903/986/877
f 881/980/871 880/978/869 895/985/876 896/987/878
f 874/981/872 617/757/517 889/988/879
f 843/759/32 888/979/870 903/986/877
f 882/967/858 881/980/871 896/987/878 897/989/880
f 875/969/860 874/981/872 889/988/879 890/990/881
f 883/968/859 882/967/858 897/989/880 898/991/882
f 876/970/861 875/969/860 890/990/881 891/992/883
f 884/971/862 883/968/859 898/991/882 899/993/884
f 877/972/863 876/970/861 891/992/883 892/994/885
f 885/973/864 884/971/862 899/993/884 900/995/886
f 878/974/865 877/972/863 892/994/885 893/996/887
f 886/975/866 885/973/864 900/995/886 901/982/873
f 879/976/867 878/974/865 893/996/887 894/984/875
f 891/997/883 890/998/881 905/999/888 906/1000/889
f 899/1001/884 898/1002/882 913/1003/890 914/1004/891
f 892/1005/885 891/997/883 906/1000/889 907/1006/892
f 900/1007/886 899/1001/884 914/1004/891 915/1008/893
f 893/1009/887 892/1005/885 907/1006/892 908/1010/894
f 901/1011/873 900/1007/886 915/1008/893 916/1012/895
f 894/1013/875 893/1009/887 908/1010/894 909/1014/896
f 902/1015/874 901/1011/873 916/1012/895 917/1016/897
f 895/1017/876 894/1013/875 909/1014/896 910/1018/898
f 903/1019/877 902/1015/874 917/1016/897 918/1020/899
f 896/1021/878 895/1017/876 910/1018/898 911/1022/900
f 889/1023/879 617/604/517 904/1024/901
f 843/606/32 903/1019/877 918/1020/899
f 897/1025/880 896/1021/878 911/1022/900 912/1026/902
f 890/998/881 889/1023/879 904/1024/901 905/999/888
f 898/1002/882 897/1025/880 912/1026/902 913/1003/890
f 910/1018/898 909/1014/896 924/1027/903 925/1028/904
f 918/1020/899 917/1016/897 932/1029/905 933/1030/906
f 911/1022/900 910/1018/898 925/1028/904 926/1031/907
f 904/1024/901 617/604/517 919/1032/908
f 843/606/32 918/1020/899 933/1030/906
f 912/1026/902 911/1022/900 926/1031/907 927/1033/909
f 905/999/888 904/1024/901 919/1032/908 920/1034/910
f 913/1003/890 912/1026/902 927/1033/909 928/1035/911
f 906/1000/889 905/999/888 920/1034/910 921/1036/912
f 914/1004/891 913/1003/890 928/1035/911 929/1037/913
f 907/1006/892 906/1000/889 921/1036/912 922/1038/914
f 915/1008/893 914/1004/891 929/1037/913 930/1039/915
f 908/1010/894 907/1006/892 922/1038/914 923/1040/916
f 916/1012/895 915/1008/893 930/1039/915 931/1041/917
f 909/1014/896 908/1010/894 923/1040/916 924/1027/903
f 917/1016/897 916/1012/895 931/1041/917 932/1029/905
f 929/1037/913 928/1035/911 943/1042/918 944/1043/919
f 922/1038/914 921/1036/912 936/1044/920 937/1045/921
f 930/1039/915 929/1037/913 944/1043/919 945/1046/922
f 923/1040/916 922/1038/914 937/1045/921 938/1047/923
f 931/1041/917 930/1039/915 945/1046/922 946/1048/924
f 924/1027/903 923/1040/916 938/1047/923 939/1049/925
f 932/1029/905 931/1041/917 946/1048/924 947/1050/926
f 925/1028/904 924/1027/903 939/1049/925 940/1051/927
f 933/1030/906 932/1029/905 947/1050/926 948/1052/928
f 926/1031/907 925/1028/904 940/1051/927 941/1053/929
f 919/1032/908 617/604/517 934/1054/930
f 843/606/32 933/1030/906 948/1052/928
f 927/1033/909 926/1031/907 941/1053/929 942/1055/931
f 920/1034/910 919/1032/908 934/1054/930 935/1056/932
f 928/1035/911 927/1033/909 942/1055/931 943/1042/918
f 921/1036/912 920/1034/910 935/1056/932 936/1044/920
f 948/1052/928 947/1050/926 962/1057/933 963/1058/934
f 941/1053/929 940/1051/927 955/1059/935 956/1060/936
f 934/1054/930 617/604/517 949/1061/937
f 843/606/32 948/1052/928 963/1058/934
f 942/1055/931 941/1053/929 956/1060/936 957/1062/938
f 935/1056/932 934/1054/930 949/1061/937 950/1063/939
f 943/1042/918 942/1055/931 957/1062/938 958/1064/940
f 936/1044/920 935/1056/932 950/1063/939 951/1065/941
f 944/1043/919 943/1042/918 958/1064/940 959/1066/942
f 937/1045/921 936/1044/920 951/1065/941 952/1067/943
f 945/1046/922 944/1043/919 959/1066/942 960/1068/944
f 938/1047/923 937/1045/921 952/1067/943 953/1069/945
f 946/1048/924 945/1046/922 960/1068/944 961/1070/946
f 939/1049/925 938/1047/923 953/1069/945 954/1071/947
f 947/1050/926 946/1048/924 961/1070/946 962/1057/933
f 940/1051/927 939/1049/925 954/1071/947 955/1059/935
f 952/1067/943 951/1065/941 966/1072/948 967/1073/949
f 960/1068/944 959/1066/942 974/1074/950 975/1075/951
f 953/1069/945 952/1067/943 967/1073/949 968/1076/952
f 961/1070/946 960/1068/944 975/1075/951 976/1077/953
f 954/1071/947 953/1069/945 968/1076/952 969/1078/954
f 962/1057/933 961/1070/946 976/1077/953 977/1079/955
f 955/1059/935 954/1071/947 969/1078/954 970/1080/956
f 963/1058/934 962/1057/933 977/1079/955 978/1081/957
f 956/1060/936 955/1059/935 970/1080/956 971/1082/958
f 949/1061/937 617/604/517 964/1083/959
f 843/606/32 963/1058/934 978/1081/957
f 957/1062/938 956/1060/936 971/1082/958 972/1084/960
f 950/1063/939 949/1061/937 964/1083/959 965/1085/961
f 958/1064/940 957/1062/938 972/1084/960 973/1086/962
f 951/1065/941 950/1063/939 965/1085/961 966/1072/948
f 959/1066/942 958/1064/940 973/1086/962 974/1074/950
f 971/1082/958 970/1080/956 985/1087/963 986/1088/964
f 964/1083/959 617/604/517 979/1089/965
f 843/606/32 978/1081/957 993/1090/966
f 972/1084/960 971/1082/958 986/1088/964 987/1091/967
f 965/1085/961 964/1083/959 979/1089/965 980/1092/968
f 973/1086/962 972/1084/960 987/1091/967 988/1093/969
f 966/1072/948 965/1085/961 980/1092/968 981/1094/970
f 974/1074/950 973/1086/962 988/1093/969 989/1095/971
f 967/1073/949 966/1072/948 981/1094/970 982/1096/972
f 975/1075/951 974/1074/950 989/1095/971 990/1097/973
f 968/1076/952 967/1073/949 982/1096/972 983/1098/974
f 976/1077/953 975/1075/951 990/1097/973 991/1099/975
f 969/1078/954 968/1076/952 983/1098/974 984/1100/976
f 977/1079/955 976/1077/953 991/1099/975 992/1101/977
f 970/1080/956 969/1078/954 984/1100/976 985/1087/963
f 978/1081/957 977/1079/955 992/1101/977 993/1090/966
f 990/1097/973 989/1095/971 1004/1102/978 1005/1103/979
f 983/1098/974 982/1096/972 997/1104/980 998/1105/981
f 991/1099/975 990/1097/973 1005/1103/979 1006/1106/982
f 984/1100/976 983/1098/974 998/1105/981 999/1107/983
f 992/1101/977 991/1099/975 1006/1106/982 1007/1108/984
f 985/1087/963 984/1100/976 999/1107/983 1000/1109/985
f 993/1090/966 992/1101/977 1007/1108/984 1008/1110/986
f 986/1088/964 985/1087/963 1000/1109/985 1001/1111/987
f 979/1089/965 617/604/517 994/1112/988
f 843/606/32 993/1090/966 1008/1110/986
f 987/1091/967 986/1088/964 1001/1111/987 1002/1113/989
f 980/1092/968 979/1089/965 994/1112/988 995/1114/990
f 988/1093/969 987/1091/967 1002/1113/989 1003/1115/991
f 981/1094/970 980/1092/968 995/1114/990 996/1116/992
f 989/1095/971 988/1093/969 1003/1115/991 1004/1102/978
f 982/1096/972 981/1094/970 996/1116/992 997/1104/980
f 843/606/32 1008/1110/986 1017/607/519
f 1002/1113/989 1001/1111/987 539/610/27 540/609/521
f 995/1114/990 994/1112/988 1009/603/516 1010/613/524
f 1003/1115/991 1002/1113/989 540/609/521 1013/615/526
f 996/1116/992 995/1114/990 1010/613/524 536/617/528
f 1004/1102/978 1003/1115/991 1013/615/526 541/619/530
f 997/1104/980 996/1116/992 536/617/528 1011/621/532
f 1005/1103/979 1004/1102/978 541/619/530 1014/623/534
f 998/1105/981 997/1104/980 1011/621/532 537/625/536
f 1006/1106/982 1005/1103/979 1014/623/534 1015/627/538
f 999/1107/983 998/1105/981 537/625/536 1012/629/540
f 1007/1108/984 1006/1106/982 1015/627/538 1016/631/542
f 1000/1109/985 999/1107/983 1012/629/540 538/633/544
f 1008/1110/986 1007/1108/984 1016/631/542 1017/607/519
f 1001/1111/987 1000/1109/985 538/633/544 539/610/27
f 994/1112/988 617/604/517 1009/603/516
f 1491/1117/516 1099/1118/517 1024/1119/518
f 1325/1120/32 1499/1121/519 1038/1122/520
f 1022/1123/521 1021/1124/27 1031/1125/993 1032/1126/994
f 1492/1127/524 1491/1117/516 1024/1119/518 1025/1128/525
f 1495/1129/526 1022/1123/521 1032/1126/994 1033/1130/995
f 1018/1131/528 1492/1127/524 1025/1128/525 1026/1132/529
f 1023/1133/530 1495/1129/526 1033/1130/995 1034/1134/996
f 1493/1135/997 1018/1131/528 1026/1132/529 1027/1136/998
f 1496/1137/534 1023/1133/530 1034/1134/996 1035/1138/999
f 1019/1139/1000 1493/1135/997 1027/1136/998 1028/1140/1001
f 1497/1141/1002 1496/1137/534 1035/1138/999 1036/1142/539
f 1494/1143/540 1019/1139/1000 1028/1140/1001 1029/1144/1003
f 1498/1145/542 1497/1141/1002 1036/1142/539 1037/1146/543
f 1020/1147/544 1494/1143/540 1029/1144/1003 1030/1148/1004
f 1499/1121/519 1498/1145/542 1037/1146/543 1038/1122/520
f 1021/1124/27 1020/1147/544 1030/1148/1004 1031/1125/993
f 1030/1148/1004 1029/1144/1003 1044/1149/546 1045/1150/1005
f 1038/1122/520 1037/1146/543 1052/1151/1006 1053/1152/1007
f 1031/1125/993 1030/1148/1004 1045/1150/1005 1046/1153/1008
f 1024/1119/518 1099/1118/517 1039/1154/551
f 1325/1120/32 1038/1122/520 1053/1152/1007
f 1032/1126/994 1031/1125/993 1046/1153/1008 1047/1155/1009
f 1025/1128/525 1024/1119/518 1039/1154/551 1040/1156/553
f 1033/1130/995 1032/1126/994 1047/1155/1009 1048/1157/1010
f 1026/1132/529 1025/1128/525 1040/1156/553 1041/1158/1011
f 1034/1134/996 1033/1130/995 1048/1157/1010 1049/1159/1012
f 1027/1136/998 1026/1132/529 1041/1158/1011 1042/1160/1013
f 1035/1138/999 1034/1134/996 1049/1159/1012 1050/1161/1014
f 1028/1140/1001 1027/1136/998 1042/1160/1013 1043/1162/559
f 1036/1142/539 1035/1138/999 1050/1161/1014 1051/1163/560
f 1029/1144/1003 1028/1140/1001 1043/1162/559 1044/1149/546
f 1037/1146/543 1036/1142/539 1051/1163/560 1052/1151/1006
f 1049/1159/1012 1048/1157/1010 1063/1164/561 1064/1165/1015
f 1042/1160/1013 1041/1158/1011 1056/1166/563 1057/1167/1016
f 1050/1161/1014 1049/1159/1012 1064/1165/1015 1065/1168/565
f 1043/1162/559 1042/1160/1013 1057/1167/1016 1058/1169/566
f 1051/1163/560 1050/1161/1014 1065/1168/565 1066/1170/1017
f 1044/1149/546 1043/1162/559 1058/1169/566 1059/1171/568
f 1052/1151/1006 1051/1163/560 1066/1170/1017 1067/1172/1018
f 1045/1150/1005 1044/1149/546 1059/1171/568 1060/1173/570
f 1053/1152/1007 1052/1151/1006 1067/1172/1018 1068/1174/571
f 1046/1153/1008 1045/1150/1005 1060/1173/570 1061/1175/1019
f 1039/1154/551 1099/1118/517 1054/1176/573
f 1325/1120/32 1053/1152/1007 1068/1174/571
f 1047/1155/1009 1046/1153/1008 1061/1175/1019 1062/1177/574
f 1040/1156/553 1039/1154/551 1054/1176/573 1055/1178/575
f 1048/1157/1010 1047/1155/1009 1062/1177/574 1063/1164/561
f 1041/1158/1011 1040/1156/553 1055/1178/575 1056/1166/563
f 1068/1174/571 1067/1172/1018 1082/1179/1020 1083/1180/577
f 1061/1175/1019 1060/1173/570 1075/1181/578 1076/1182/579
f 1054/1176/573 1099/1118/517 1069/1183/580
f 1325/1120/32 1068/1174/571 1083/1180/577
f 1062/1177/574 1061/1175/1019 1076/1182/579 1077/1184/581
f 1055/1178/575 1054/1176/573 1069/1183/580 1070/1185/1021
f 1063/1164/561 1062/1177/574 1077/1184/581 1078/1186/583
f 1056/1166/563 1055/1178/575 1070/1185/1021 1071/1187/584
f 1064/1165/1015 1063/1164/561 1078/1186/583 1079/1188/585
f 1057/1167/1016 1056/1166/563 1071/1187/584 1072/1189/586
f 1065/1168/565 1064/1165/1015 1079/1188/585 1080/1190/587
f 1058/1169/566 1057/1167/1016 1072/1189/586 1073/1191/588
f 1066/1170/1017 1065/1168/565 1080/1190/587 1081/1192/589
f 1059/1171/568 1058/1169/566 1073/1191/588 1074/1193/590
f 1067/1172/1018 1066/1170/1017 1081/1192/589 1082/1179/1020
f 1060/1173/570 1059/1171/568 1074/1193/590 1075/1181/578
f 1080/1190/587 1079/1188/585 1094/1194/591 1095/1195/592
f 1073/1191/588 1072/1189/586 1087/1196/593 1088/1197/594
f 1081/1192/589 1080/1190/587 1095/1195/592 1096/1198/595
f 1074/1193/590 1073/1191/588 1088/1197/594 1089/1199/596
f 1082/1179/1020 1081/1192/589 1096/1198/595 1097/1200/1022
f 1075/1181/578 1074/1193/590 1089/1199/596 1090/1201/598
f 1083/1180/577 1082/1179/1020 1097/1200/1022 1098/1202/599
f 1076/1182/579 1075/1181/578 1090/1201/598 1091/1203/600
f 1069/1183/580 1099/1118/517 1084/1204/601
f 1325/1120/32 1083/1180/577 1098/1202/599
f 1077/1184/581 1076/1182/579 1091/1203/600 1092/1205/602
f 1070/1185/1021 1069/1183/580 1084/1204/601 1085/1206/603
f 1078/1186/583 1077/1184/581 1092/1205/602 1093/1207/604
f 1071/1187/584 1070/1185/1021 1085/1206/603 1086/1208/605
f 1079/1188/585 1078/1186/583 1093/1207/604 1094/1194/591
f 1072/1189/586 1071/1187/584 1086/1208/605 1087/1196/593
f 1084/1204/601 1099/1118/517 1100/1209/606
f 1325/1120/32 1098/1202/599 1114/1210/607
f 1092/1205/602 1091/1203/600 1107/1211/608 1108/1212/609
f 1085/1206/603 1084/1204/601 1100/1209/606 1101/1213/610
f 1093/1207/604 1092/1205/602 1108/1212/609 1109/1214/611
f 1086/1208/605 1085/1206/603 1101/1213/610 1102/1215/612
f 1094/1194/591 1093/1207/604 1109/1214/611 1110/1216/613
f 1087/1196/593 1086/1208/605 1102/1215/612 1103/1217/614
f 1095/1195/592 1094/1194/591 1110/1216/613 1111/1218/615
f 1088/1197/594 1087/1196/593 1103/1217/614 1104/1219/616
f 1096/1198/595 1095/1195/592 1111/1218/615 1112/1220/617
f 1089/1199/596 1088/1197/594 1104/1219/616 1105/1221/618
f 1097/1200/1022 1096/1198/595 1112/1220/617 1113/1222/619
f 1090/1201/598 1089/1199/596 1105/1221/618 1106/1223/620
f 1098/1202/599 1097/1200/1022 1113/1222/619 1114/1210/607
f 1091/1203/600 1090/1201/598 1106/1223/620 1107/1211/608
f 1104/1219/616 1103/1217/614 1118/1224/621 1119/1225/622
f 1112/1220/617 1111/1218/615 1126/1226/623 1127/1227/624
f 1105/1221/618 1104/1219/616 1119/1225/622 1120/1228/625
f 1113/1222/619 1112/1220/617 1127/1227/624 1128/1229/626
f 1106/1223/620 1105/1221/618 1120/1228/625 1121/1230/627
f 1114/1210/607 1113/1222/619 1128/1229/626 1129/1231/628
f 1107/1211/608 1106/1223/620 1121/1230/627 1122/1232/629
f 1100/1209/606 1099/1118/517 1115/1233/630
f 1325/1120/32 1114/1210/607 1129/1231/628
f 1108/1212/609 1107/1211/608 1122/1232/629 1123/1234/631
f 1101/1213/610 1100/1209/606 1115/1233/630 1116/1235/632
f 1109/1214/611 1108/1212/609 1123/1234/631 1124/1236/633
f 1102/1215/612 1101/1213/610 1116/1235/632 1117/1237/634
f 1110/1216/613 1109/1214/611 1124/1236/633 1125/1238/635
f 1103/1217/614 1102/1215/612 1117/1237/634 1118/1224/621
f 1111/1218/615 1110/1216/613 1125/1238/635 1126/1226/623
f 1123/1234/631 1122/1232/629 1137/1239/135 1138/1240/636
f 1116/1235/632 1115/1233/630 1130/1241/637 1131/1242/638
f 1124/1236/633 1123/1234/631 1138/1240/636 1139/1243/639
f 1117/1237/634 1116/1235/632 1131/1242/638 1132/1244/640
f 1125/1238/635 1124/1236/633 1139/1243/639 1140/1245/641
f 1118/1224/621 1117/1237/634 1132/1244/640 1133/1246/642
f 1126/1226/623 1125/1238/635 1140/1245/641 1141/1247/643
f 1119/1225/622 1118/1224/621 1133/1246/642 1134/1248/644
f 1127/1227/624 1126/1226/623 1141/1247/643 1142/1249/645
f 1120/1228/625 1119/1225/622 1134/1248/644 1135/1250/646
f 1128/1229/626 1127/1227/624 1142/1249/645 1143/1251/647
f 1121/1230/627 1120/1228/625 1135/1250/646 1136/1252/648
f 1129/1231/628 1128/1229/626 1143/1251/647 1144/1253/649
f 1122/1232/629 1121/1230/627 1136/1252/648 1137/1239/135
f 1115/1233/630 1099/1118/517 1130/1241/637
f 1325/1120/32 1129/1231/628 1144/1253/649
f 1142/1254/645 1141/1255/643 1156/1256/650 1157/1257/651
f 1135/1258/646 1134/1259/644 1149/1260/652 1150/1261/653
f 1143/1262/647 1142/1254/645 1157/1257/651 1158/1263/654
f 1136/1264/648 1135/1258/646 1150/1261/653 1151/1265/655
f 1144/1266/649 1143/1262/647 1158/1263/654 1159/1267/656
f 1137/1268/135 1136/1264/648 1151/1265/655 1152/1269/657
f 1130/1270/637 1099/1271/517 1145/1272/658
f 1325/1273/32 1144/1266/649 1159/1267/656
f 1138/1274/636 1137/1268/135 1152/1269/657 1153/1275/1023
f 1131/1276/638 1130/1270/637 1145/1272/658 1146/1277/660
f 1139/1278/639 1138/1274/636 1153/1275/1023 1154/1279/661
f 1132/1280/640 1131/1276/638 1146/1277/660 1147/1281/662
f 1140/1282/641 1139/1278/639 1154/1279/661 1155/1283/663
f 1133/1284/642 1132/1280/640 1147/1281/662 1148/1285/664
f 1141/1255/643 1140/1282/641 1155/1283/663 1156/1256/650
f 1134/1259/644 1133/1284/642 1148/1285/664 1149/1260/652
f 1146/1277/660 1145/1272/658 1160/1286/665 1161/1287/666
f 1154/1279/661 1153/1275/1023 1168/1288/667 1169/1289/668
f 1147/1281/662 1146/1277/660 1161/1287/666 1162/1290/669
f 1155/1283/663 1154/1279/661 1169/1289/668 1170/1291/670
f 1148/1285/664 1147/1281/662 1162/1290/669 1163/1292/671
f 1156/1256/650 1155/1283/663 1170/1291/670 1171/1293/672
f 1149/1260/652 1148/1285/664 1163/1292/671 1164/1294/673
f 1157/1257/651 1156/1256/650 1171/1293/672 1172/1295/674
f 1150/1261/653 1149/1260/652 1164/1294/673 1165/1296/675
f 1158/1263/654 1157/1257/651 1172/1295/674 1173/1297/676
f 1151/1265/655 1150/1261/653 1165/1296/675 1166/1298/677
f 1159/1267/656 1158/1263/654 1173/1297/676 1174/1299/678
f 1152/1269/657 1151/1265/655 1166/1298/677 1167/1300/679
f 1145/1272/658 1099/1271/517 1160/1286/665
f 1325/1273/32 1159/1267/656 1174/1299/678
f 1153/1275/1023 1152/1269/657 1167/1300/679 1168/1288/667
f 1165/1296/675 1164/1294/673 1179/1301/680 1180/1302/681
f 1173/1297/676 1172/1295/674 1187/1303/682 1188/1304/1024
f 1166/1298/677 1165/1296/675 1180/1302/681 1181/1305/684
f 1174/1299/678 1173/1297/676 1188/1304/1024 1189/1306/685
f 1167/1300/679 1166/1298/677 1181/1305/684 1182/1307/686
f 1160/1286/665 1099/1271/517 1175/1308/1025
f 1325/1273/32 1174/1299/678 1189/1306/685
f 1168/1288/667 1167/1300/679 1182/1307/686 1183/1309/688
f 1161/1287/666 1160/1286/665 1175/1308/1025 1176/1310/689
f 1169/1289/668 1168/1288/667 1183/1309/688 1184/1311/690
f 1162/1290/669 1161/1287/666 1176/1310/689 1177/1312/691
f 1170/1291/670 1169/1289/668 1184/1311/690 1185/1313/692
f 1163/1292/671 1162/1290/669 1177/1312/691 1178/1314/693
f 1171/1293/672 1170/1291/670 1185/1313/692 1186/1315/694
f 1164/1294/673 1163/1292/671 1178/1314/693 1179/1301/680
f 1172/1295/674 1171/1293/672 1186/1315/694 1187/1303/682
f 1184/1311/690 1183/1309/688 1198/1316/695 1199/1317/1026
f 1177/1312/691 1176/1310/689 1191/1318/697 1192/1319/698
f 1185/1313/692 1184/1311/690 1199/1317/1026 1200/1320/699
f 1178/1314/693 1177/1312/691 1192/1319/698 1193/1321/700
f 1186/1315/694 1185/1313/692 1200/1320/699 1201/1322/1027
f 1179/1301/680 1178/1314/693 1193/1321/700 1194/1323/702
f 1187/1303/682 1186/1315/694 1201/1322/1027 1202/1324/703
f 1180/1302/681 1179/1301/680 1194/1323/702 1195/1325/1028
f 1188/1304/1024 1187/1303/682 1202/1324/703 1203/1326/1029
f 1181/1305/684 1180/1302/681 1195/1325/1028 1196/1327/706
f 1189/1306/685 1188/1304/1024 1203/1326/1029 1204/1328/707
f 1182/1307/686 1181/1305/684 1196/1327/706 1197/1329/708
f 1175/1308/1025 1099/1271/517 1190/1330/709
f 1325/1273/32 1189/1306/685 1204/1328/707
f 1183/1309/688 1182/1307/686 1197/1329/708 1198/1316/695
f 1176/1310/689 1175/1308/1025 1190/1330/709 1191/1318/697
f 1203/1326/1029 1202/1324/703 1217/1331/710 1218/1332/1030
f 1196/1327/706 1195/1325/1028 1210/1333/712 1211/1334/713
f 1204/1328/707 1203/1326/1029 1218/1332/1030 1219/1335/714
f 1197/1329/708 1196/1327/706 1211/1334/713 1212/1336/715
f 1190/1330/709 1099/1271/517 1205/1337/716
f 1325/1273/32 1204/1328/707 1219/1335/714
f 1198/1316/695 1197/1329/708 1212/1336/715 1213/1338/1031
f 1191/1318/697 1190/1330/709 1205/1337/716 1206/1339/718
f 1199/1317/1026 1198/1316/695 1213/1338/1031 1214/1340/719
f 1192/1319/698 1191/1318/697 1206/1339/718 1207/1341/720
f 1200/1320/699 1199/1317/1026 1214/1340/719 1215/1342/721
f 1193/1321/700 1192/1319/698 1207/1341/720 1208/1343/1032
f 1201/1322/1027 1200/1320/699 1215/1342/721 1216/1344/723
f 1194/1323/702 1193/1321/700 1208/1343/1032 1209/1345/724
f 1202/1324/703 1201/1322/1027 1216/1344/723 1217/1331/710
f 1195/1325/1028 1194/1323/702 1209/1345/724 1210/1333/712
f 1215/1342/721 1214/1340/719 1229/1346/725 1230/1347/1033
f 1208/1343/1032 1207/1341/720 1222/1348/1034 1223/1349/728
f 1216/1344/723 1215/1342/721 1230/1347/1033 1231/1350/1035
f 1209/1345/724 1208/1343/1032 1223/1349/728 1224/1351/1036
f 1217/1331/710 1216/1344/723 1231/1350/1035 1232/1352/1037
f 1210/1333/712 1209/1345/724 1224/1351/1036 1225/1353/1038
f 1218/1332/1030 1217/1331/710 1232/1352/1037 1233/1354/733
f 1211/1334/713 1210/1333/712 1225/1353/1038 1226/1355/734
f 1219/1335/714 1218/1332/1030 1233/1354/733 1234/1356/1039
f 1212/1336/715 1211/1334/713 1226/1355/734 1227/1357/1040
f 1205/1337/716 1099/1271/517 1220/1358/737
f 1325/1273/32 1219/1335/714 1234/1356/1039
f 1213/1338/1031 1212/1336/715 1227/1357/1040 1228/1359/738
f 1206/1339/718 1205/1337/716 1220/1358/737 1221/1360/739
f 1214/1340/719 1213/1338/1031 1228/1359/738 1229/1346/725
f 1207/1341/720 1206/1339/718 1221/1360/739 1222/1348/1034
f 1234/1356/1039 1233/1354/733 1248/1361/740 1249/1362/741
f 1227/1357/1040 1226/1355/734 1241/1363/1041 1242/1364/1042
f 1220/1358/737 1099/1271/517 1235/1365/744
f 1325/1273/32 1234/1356/1039 1249/1362/741
f 1228/1359/738 1227/1357/1040 1242/1364/1042 1243/1366/1043
f 1221/1360/739 1220/1358/737 1235/1365/744 1236/1367/746
f 1229/1346/725 1228/1359/738 1243/1366/1043 1244/1368/747
f 1222/1348/1034 1221/1360/739 1236/1367/746 1237/1369/748
f 1230/1347/1033 1229/1346/725 1244/1368/747 1245/1370/1044
f 1223/1349/728 1222/1348/1034 1237/1369/748 1238/1371/1045
f 1231/1350/1035 1230/1347/1033 1245/1370/1044 1246/1372/1046
f 1224/1351/1036 1223/1349/728 1238/1371/1045 1239/1373/1047
f 1232/1352/1037 1231/1350/1035 1246/1372/1046 1247/1374/1048
f 1225/1353/1038 1224/1351/1036 1239/1373/1047 1240/1375/1049
f 1233/1354/733 1232/1352/1037 1247/1374/1048 1248/1361/740
f 1226/1355/734 1225/1353/1038 1240/1375/1049 1241/1363/1041
f 1238/1371/1045 1237/1369/748 1252/1376/1050 1253/1377/1051
f 1246/1372/1046 1245/1370/1044 1260/1378/757 1261/1379/1052
f 1239/1373/1047 1238/1371/1045 1253/1377/1051 1254/1380/759
f 1247/1374/1048 1246/1372/1046 1261/1379/1052 1262/1381/1053
f 1240/1375/1049 1239/1373/1047 1254/1380/759 1255/1382/761
f 1248/1361/740 1247/1374/1048 1262/1381/1053 1263/1383/1054
f 1241/1363/1041 1240/1375/1049 1255/1382/761 1256/1384/763
f 1249/1362/741 1248/1361/740 1263/1383/1054 1264/1385/764
f 1242/1364/1042 1241/1363/1041 1256/1384/763 1257/1386/250
f 1235/1365/744 1099/1271/517 1250/1387/765
f 1325/1273/32 1249/1362/741 1264/1385/764
f 1243/1366/1043 1242/1364/1042 1257/1386/250 1258/1388/766
f 1236/1367/746 1235/1365/744 1250/1387/765 1251/1389/767
f 1244/1368/747 1243/1366/1043 1258/1388/766 1259/1390/768
f 1237/1369/748 1236/1367/746 1251/1389/767 1252/1376/1050
f 1245/1370/1044 1244/1368/747 1259/1390/768 1260/1378/757
f 1257/1386/250 1256/1384/763 1271/1391/769 1272/1392/1055
f 1250/1387/765 1099/1271/517 1265/1393/770
f 1325/1273/32 1264/1385/764 1279/1394/771
f 1258/1388/766 1257/1386/250 1272/1392/1055 1273/1395/1056
f 1251/1389/767 1250/1387/765 1265/1393/770 1266/1396/773
f 1259/1390/768 1258/1388/766 1273/1395/1056 1274/1397/1057
f 1252/1376/1050 1251/1389/767 1266/1396/773 1267/1398/775
f 1260/1378/757 1259/1390/768 1274/1397/1057 1275/1399/776
f 1253/1377/1051 1252/1376/1050 1267/1398/775 1268/1400/777
f 1261/1379/1052 1260/1378/757 1275/1399/776 1276/1401/1058
f 1254/1380/759 1253/1377/1051 1268/1400/777 1269/1402/779
f 1262/1381/1053 1261/1379/1052 1276/1401/1058 1277/1403/1059
f 1255/1382/761 1254/1380/759 1269/1402/779 1270/1404/781
f 1263/1383/1054 1262/1381/1053 1277/1403/1059 1278/1405/782
f 1256/1384/763 1255/1382/761 1270/1404/781 1271/1391/769
f 1264/1385/764 1263/1383/1054 1278/1405/782 1279/1394/771
f 1276/1401/1058 1275/1399/776 1290/1406/783 1291/1407/1060
f 1269/1402/779 1268/1400/777 1283/1408/1061 1284/1409/1062
f 1277/1403/1059 1276/1401/1058 1291/1407/1060 1292/1410/1063
f 1270/1404/781 1269/1402/779 1284/1409/1062 1285/1411/1064
f 1278/1405/782 1277/1403/1059 1292/1410/1063 1293/1412/789
f 1271/1391/769 1270/1404/781 1285/1411/1064 1286/1413/1065
f 1279/1394/771 1278/1405/782 1293/1412/789 1294/1414/791
f 1272/1392/1055 1271/1391/769 1286/1413/1065 1287/1415/1066
f 1265/1393/770 1099/1271/517 1280/1416/793
f 1325/1273/32 1279/1394/771 1294/1414/791
f 1273/1395/1056 1272/1392/1055 1287/1415/1066 1288/1417/794
f 1266/1396/773 1265/1393/770 1280/1416/793 1281/1418/795
f 1274/1397/1057 1273/1395/1056 1288/1417/794 1289/1419/1067
f 1267/1398/775 1266/1396/773 1281/1418/795 1282/1420/797
f 1275/1399/776 1274/1397/1057 1289/1419/1067 1290/1406/783
f 1268/1400/777 1267/1398/775 1282/1420/797 1283/1408/1061
f 1280/1416/793 1099/1271/517 1295/1421/1068
f 1325/1273/32 1294/1414/791 1309/1422/799
f 1288/1417/794 1287/1415/1066 1302/1423/800 1303/1424/801
f 1281/1418/795 1280/1416/793 1295/1421/1068 1296/1425/802
f 1289/1419/1067 1288/1417/794 1303/1424/801 1304/1426/803
f 1282/1420/797 1281/1418/795 1296/1425/802 1297/1427/804
f 1290/1406/783 1289/1419/1067 1304/1426/803 1305/1428/1069
f 1283/1408/1061 1282/1420/797 1297/1427/804 1298/1429/806
f 1291/1407/1060 1290/1406/783 1305/1428/1069 1306/1430/1070
f 1284/1409/1062 1283/1408/1061 1298/1429/806 1299/1431/808
f 1292/1410/1063 1291/1407/1060 1306/1430/1070 1307/1432/809
f 1285/1411/1064 1284/1409/1062 1299/1431/808 1300/1433/810
f 1293/1412/789 1292/1410/1063 1307/1432/809 1308/1434/1071
f 1286/1413/1065 1285/1411/1064 1300/1433/810 1301/1435/1072
f 1294/1414/791 1293/1412/789 1308/1434/1071 1309/1422/799
f 1287/1415/1066 1286/1413/1065 1301/1435/1072 1302/1423/800
f 1299/1431/808 1298/1429/806 1313/1436/813 1314/1437/814
f 1307/1432/809 1306/1430/1070 1321/1438/815 1322/1439/816
f 1300/1433/810 1299/1431/808 1314/1437/814 1315/1440/817
f 1308/1434/1071 1307/1432/809 1322/1439/816 1323/1441/1073
f 1301/1435/1072 1300/1433/810 1315/1440/817 1316/1442/819
f 1309/1422/799 1308/1434/1071 1323/1441/1073 1324/1443/820
f 1302/1423/800 1301/1435/1072 1316/1442/819 1317/1444/821
f 1295/1421/1068 1099/1271/517 1310/1445/822
f 1325/1273/32 1309/1422/799 1324/1443/820
f 1303/1424/801 1302/1423/800 1317/1444/821 1318/1446/823
f 1296/1425/802 1295/1421/1068 1310/1445/822 1311/1447/1074
f 1304/1426/803 1303/1424/801 1318/1446/823 1319/1448/825
f 1297/1427/804 1296/1425/802 1311/1447/1074 1312/1449/826
f 1305/1428/1069 1304/1426/803 1319/1448/825 1320/1450/827
f 1298/1429/806 1297/1427/804 1312/1449/826 1313/1436/813
f 1306/1430/1070 1305/1428/1069 1320/1450/827 1321/1438/815
f 1318/1446/823 1317/1444/821 1333/1451/828 1334/1452/829
f 1311/1447/1074 1310/1445/822 1326/1453/1075 1327/1454/831
f 1319/1448/825 1318/1446/823 1334/1452/829 1335/1455/832
f 1312/1449/826 1311/1447/1074 1327/1454/831 1328/1456/833
f 1320/1450/827 1319/1448/825 1335/1455/832 1336/1457/834
f 1313/1436/813 1312/1449/826 1328/1456/833 1329/1458/835
f 1321/1438/815 1320/1450/827 1336/1457/834 1337/1459/836
f 1314/1437/814 1313/1436/813 1329/1458/835 1330/1460/837
f 1322/1439/816 1321/1438/815 1337/1459/836 1338/1461/838
f 1315/1440/817 1314/1437/814 1330/1460/837 1331/1462/839
f 1323/1441/1073 1322/1439/816 1338/1461/838 1339/1463/840
f 1316/1442/819 1315/1440/817 1331/1462/839 1332/1464/841
f 1324/1443/820 1323/1441/1073 1339/1463/840 1340/1465/842
f 1317/1444/821 1316/1442/819 1332/1464/841 1333/1451/828
f 1310/1445/822 1099/1271/517 1326/1453/1075
f 1325/1273/32 1324/1443/820 1340/1465/842
f 1338/1461/838 1337/1459/836 1352/1466/843 1353/1467/844
f 1331/1462/839 1330/1460/837 1345/1468/845 1346/1469/846
f 1339/1463/840 1338/1461/838 1353/1467/844 1354/1470/847
f 1332/1464/841 1331/1462/839 1346/1469/846 1347/1471/848
f 1340/1465/842 1339/1463/840 1354/1470/847 1355/1472/849
f 1333/1451/828 1332/1464/841 1347/1471/848 1348/1473/850
f 1326/1453/1075 1099/1271/517 1341/1474/851
f 1325/1273/32 1340/1465/842 1355/1472/849
f 1334/1452/829 1333/1451/828 1348/1473/850 1349/1475/852
f 1327/1454/831 1326/1453/1075 1341/1474/851 1342/1476/853
f 1335/1455/832 1334/1452/829 1349/1475/852 1350/1477/854
f 1328/1456/833 1327/1454/831 1342/1476/853 1343/1478/855
f 1336/1457/834 1335/1455/832 1350/1477/854 1351/1479/856
f 1329/1458/835 1328/1456/833 1343/1478/855 1344/1480/857
f 1337/1459/836 1336/1457/834 1351/1479/856 1352/1466/843
f 1330/1460/837 1329/1458/835 1344/1480/857 1345/1468/845
f 1350/1477/854 1349/1475/852 1364/1481/1076 1365/1482/859
f 1343/1478/855 1342/1476/853 1357/1483/860 1358/1484/861
f 1351/1479/856 1350/1477/854 1365/1482/859 1366/1485/862
f 1344/1480/857 1343/1478/855 1358/1484/861 1359/1486/863
f 1352/1466/843 1351/1479/856 1366/1485/862 1367/1487/864
f 1345/1468/845 1344/1480/857 1359/1486/863 1360/1488/865
f 1353/1467/844 1352/1466/843 1367/1487/864 1368/1489/866
f 1346/1469/846 1345/1468/845 1360/1488/865 1361/1490/867
f 1354/1470/847 1353/1467/844 1368/1489/866 1369/1491/868
f 1347/1471/848 1346/1469/846 1361/1490/867 1362/1492/1077
f 1355/1472/849 1354/1470/847 1369/1491/868 1370/1493/870
f 1348/1473/850 1347/1471/848 1362/1492/1077 1363/1494/871
f 1341/1474/851 1099/1271/517 1356/1495/872
f 1325/1273/32 1355/1472/849 1370/1493/870
f 1349/1475/852 1348/1473/850 1363/1494/871 1364/1481/1076
f 1342/1476/853 1341/1474/851 1356/1495/872 1357/1483/860
f 1369/1491/868 1368/1489/866 1383/1496/873 1384/1497/874
f 1362/1492/1077 1361/1490/867 1376/1498/875 1377/1499/876
f 1370/1493/870 1369/1491/868 1384/1497/874 1385/1500/877
f 1363/1494/871 1362/1492/1077 1377/1499/876 1378/1501/878
f 1356/1495/872 1099/1271/517 1371/1502/879
f 1325/1273/32 1370/1493/870 1385/1500/877
f 1364/1481/1076 1363/1494/871 1378/1501/878 1379/1503/1078
f 1357/1483/860 1356/1495/872 1371/1502/879 1372/1504/881
f 1365/1482/859 1364/1481/1076 1379/1503/1078 1380/1505/882
f 1358/1484/861 1357/1483/860 1372/1504/881 1373/1506/883
f 1366/1485/862 1365/1482/859 1380/1505/882 1381/1507/884
f 1359/1486/863 1358/1484/861 1373/1506/883 1374/1508/885
f 1367/1487/864 1366/1485/862 1381/1507/884 1382/1509/886
f 1360/1488/865 1359/1486/863 1374/1508/885 1375/1510/887
f 1368/1489/866 1367/1487/864 1382/1509/886 1383/1496/873
f 1361/1490/867 1360/1488/865 1375/1510/887 1376/1498/875
f 1373/1511/883 1372/1512/881 1387/1513/888 1388/1514/889
f 1381/1515/884 1380/1516/882 1395/1517/890 1396/1518/891
f 1374/1519/885 1373/1511/883 1388/1514/889 1389/1520/892
f 1382/1521/886 1381/1515/884 1396/1518/891 1397/1522/893
f 1375/1523/887 1374/1519/885 1389/1520/892 1390/1524/894
f 1383/1525/873 1382/1521/886 1397/1522/893 1398/1526/895
f 1376/1527/875 1375/1523/887 1390/1524/894 1391/1528/896
f 1384/1529/874 1383/1525/873 1398/1526/895 1399/1530/897
f 1377/1531/876 1376/1527/875 1391/1528/896 1392/1532/1079
f 1385/1533/877 1384/1529/874 1399/1530/897 1400/1534/899
f 1378/1535/878 1377/1531/876 1392/1532/1079 1393/1536/900
f 1371/1537/879 1099/1118/517 1386/1538/901
f 1325/1120/32 1385/1533/877 1400/1534/899
f 1379/1539/1078 1378/1535/878 1393/1536/900 1394/1540/1080
f 1372/1512/881 1371/1537/879 1386/1538/901 1387/1513/888
f 1380/1516/882 1379/1539/1078 1394/1540/1080 1395/1517/890
f 1392/1532/1079 1391/1528/896 1406/1541/903 1407/1542/904
f 1400/1534/899 1399/1530/897 1414/1543/905 1415/1544/906
f 1393/1536/900 1392/1532/1079 1407/1542/904 1408/1545/907
f 1386/1538/901 1099/1118/517 1401/1546/908
f 1325/1120/32 1400/1534/899 1415/1544/906
f 1394/1540/1080 1393/1536/900 1408/1545/907 1409/1547/909
f 1387/1513/888 1386/1538/901 1401/1546/908 1402/1548/910
f 1395/1517/890 1394/1540/1080 1409/1547/909 1410/1549/911
f 1388/1514/889 1387/1513/888 1402/1548/910 1403/1550/912
f 1396/1518/891 1395/1517/890 1410/1549/911 1411/1551/913
f 1389/1520/892 1388/1514/889 1403/1550/912 1404/1552/914
f 1397/1522/893 1396/1518/891 1411/1551/913 1412/1553/915
f 1390/1524/894 1389/1520/892 1404/1552/914 1405/1554/916
f 1398/1526/895 1397/1522/893 1412/1553/915 1413/1555/917
f 1391/1528/896 1390/1524/894 1405/1554/916 1406/1541/903
f 1399/1530/897 1398/1526/895 1413/1555/917 1414/1543/905
f 1411/1551/913 1410/1549/911 1425/1556/918 1426/1557/919
f 1404/1552/914 1403/1550/912 1418/1558/920 1419/1559/921
f 1412/1553/915 1411/1551/913 1426/1557/919 1427/1560/922
f 1405/1554/916 1404/1552/914 1419/1559/921 1420/1561/923
f 1413/1555/917 1412/1553/915 1427/1560/922 1428/1562/924
f 1406/1541/903 1405/1554/916 1420/1561/923 1421/1563/925
f 1414/1543/905 1413/1555/917 1428/1562/924 1429/1564/1081
f 1407/1542/904 1406/1541/903 1421/1563/925 1422/1565/927
f 1415/1544/906 1414/1543/905 1429/1564/1081 1430/1566/928
f 1408/1545/907 1407/1542/904 1422/1565/927 1423/1567/929
f 1401/1546/908 1099/1118/517 1416/1568/1082
f 1325/1120/32 1415/1544/906 1430/1566/928
f 1409/1547/909 1408/1545/907 1423/1567/929 1424/1569/931
f 1402/1548/910 1401/1546/908 1416/1568/1082 1417/1570/1083
f 1410/1549/911 1409/1547/909 1424/1569/931 1425/1556/918
f 1403/1550/912 1402/1548/910 1417/1570/1083 1418/1558/920
f 1430/1566/928 1429/1564/1081 1444/1571/1084 1445/1572/934
f 1423/1567/929 1422/1565/927 1437/1573/935 1438/1574/936
f 1416/1568/1082 1099/1118/517 1431/1575/937
f 1325/1120/32 1430/1566/928 1445/1572/934
f 1424/1569/931 1423/1567/929 1438/1574/936 1439/1576/938
f 1417/1570/1083 1416/1568/1082 1431/1575/937 1432/1577/1085
f 1425/1556/918 1424/1569/931 1439/1576/938 1440/1578/940
f 1418/1558/920 1417/1570/1083 1432/1577/1085 1433/1579/941
f 1426/1557/919 1425/1556/918 1440/1578/940 1441/1580/942
f 1419/1559/921 1418/1558/920 1433/1579/941 1434/1581/943
f 1427/1560/922 1426/1557/919 1441/1580/942 1442/1582/944
f 1420/1561/923 1419/1559/921 1434/1581/943 1435/1583/945
f 1428/1562/924 1427/1560/922 1442/1582/944 1443/1584/946
f 1421/1563/925 1420/1561/923 1435/1583/945 1436/1585/947
f 1429/1564/1081 1428/1562/924 1443/1584/946 1444/1571/1084
f 1422/1565/927 1421/1563/925 1436/1585/947 1437/1573/935
f 1434/1581/943 1433/1579/941 1448/1586/948 1449/1587/1086
f 1442/1582/944 1441/1580/942 1456/1588/1087 1457/1589/951
f 1435/1583/945 1434/1581/943 1449/1587/1086 1450/1590/952
f 1443/1584/946 1442/1582/944 1457/1589/951 1458/1591/953
f 1436/1585/947 1435/1583/945 1450/1590/952 1451/1592/1088
f 1444/1571/1084 1443/1584/946 1458/1591/953 1459/1593/1089
f 1437/1573/935 1436/1585/947 1451/1592/1088 1452/1594/956
f 1445/1572/934 1444/1571/1084 1459/1593/1089 1460/1595/957
f 1438/1574/936 1437/1573/935 1452/1594/956 1453/1596/958
f 1431/1575/937 1099/1118/517 1446/1597/959
f 1325/1120/32 1445/1572/934 1460/1595/957
f 1439/1576/938 1438/1574/936 1453/1596/958 1454/1598/1090
f 1432/1577/1085 1431/1575/937 1446/1597/959 1447/1599/961
f 1440/1578/940 1439/1576/938 1454/1598/1090 1455/1600/962
f 1433/1579/941 1432/1577/1085 1447/1599/961 1448/1586/948
f 1441/1580/942 1440/1578/940 1455/1600/962 1456/1588/1087
f 1453/1596/958 1452/1594/956 1467/1601/1091 1468/1602/964
f 1446/1597/959 1099/1118/517 1461/1603/965
f 1325/1120/32 1460/1595/957 1475/1604/1092
f 1454/1598/1090 1453/1596/958 1468/1602/964 1469/1605/1093
f 1447/1599/961 1446/1597/959 1461/1603/965 1462/1606/968
f 1455/1600/962 1454/1598/1090 1469/1605/1093 1470/1607/969
f 1448/1586/948 1447/1599/961 1462/1606/968 1463/1608/1094
f 1456/1588/1087 1455/1600/962 1470/1607/969 1471/1609/1095
f 1449/1587/1086 1448/1586/948 1463/1608/1094 1464/1610/972
f 1457/1589/951 1456/1588/1087 1471/1609/1095 1472/1611/973
f 1450/1590/952 1449/1587/1086 1464/1610/972 1465/1612/1096
f 1458/1591/953 1457/1589/951 1472/1611/973 1473/1613/1097
f 1451/1592/1088 1450/1590/952 1465/1612/1096 1466/1614/1098
f 1459/1593/1089 1458/1591/953 1473/1613/1097 1474/1615/977
f 1452/1594/956 1451/1592/1088 1466/1614/1098 1467/1601/1091
f 1460/1595/957 1459/1593/1089 1474/1615/977 1475/1604/1092
f 1472/1611/973 1471/1609/1095 1486/1616/1099 1487/1617/1100
f 1465/1612/1096 1464/1610/972 1479/1618/1101 1480/1619/1102
f 1473/1613/1097 1472/1611/973 1487/1617/1100 1488/1620/1103
f 1466/1614/1098 1465/1612/1096 1480/1619/1102 1481/1621/1104
f 1474/1615/977 1473/1613/1097 1488/1620/1103 1489/1622/984
f 1467/1601/1091 1466/1614/1098 1481/1621/1104 1482/1623/1105
f 1475/1604/1092 1474/1615/977 1489/1622/984 1490/1624/986
f 1468/1602/964 1467/1601/1091 1482/1623/1105 1483/1625/1106
f 1461/1603/965 1099/1118/517 1476/1626/988
f 1325/1120/32 1475/1604/1092 1490/1624/986
f 1469/1605/1093 1468/1602/964 1483/1625/1106 1484/1627/1107
f 1462/1606/968 1461/1603/965 1476/1626/988 1477/1628/990
f 1470/1607/969 1469/1605/1093 1484/1627/1107 1485/1629/1108
f 1463/1608/1094 1462/1606/968 1477/1628/990 1478/1630/1109
f 1471/1609/1095 1470/1607/969 1485/1629/1108 1486/1616/1099
f 1464/1610/972 1463/1608/1094 1478/1630/1109 1479/1618/1101
f 1325/1120/32 1490/1624/986 1499/1121/519
f 1484/1627/1107 1483/1625/1106 1021/1124/27 1022/1123/521
f 1477/1628/990 1476/1626/988 1491/1117/516 1492/1127/524
f 1485/1629/1108 1484/1627/1107 1022/1123/521 1495/1129/526
f 1478/1630/1109 1477/1628/990 1492/1127/524 1018/1131/528
f 1486/1616/1099 1485/1629/1108 1495/1129/526 1023/1133/530
f 1479/1618/1101 1478/1630/1109 1018/1131/528 1493/1135/997
f 1487/1617/1100 1486/1616/1099 1023/1133/530 1496/1137/534
f 1480/1619/1102 1479/1618/1101 1493/1135/997 1019/1139/1000
f 1488/1620/1103 1487/1617/1100 1496/1137/534 1497/1141/1002
f 1481/1621/1104 1480/1619/1102 1019/1139/1000 1494/1143/540
f 1489/1622/984 1488/1620/1103 1497/1141/1002 1498/1145/542
f 1482/1623/1105 1481/1621/1104 1494/1143/540 1020/1147/544
f 1490/1624/986 1489/1622/984 1498/1145/542 1499/1121/519
f 1483/1625/1106 1482/1623/1105 1020/1147/544 1021/1124/27
f 1476/1626/988 1099/1118/517 1491/1117/516
l 511 515
l 483 487
l 512 514
l 484 486
l 513 514
l 513 515
l 489 491
l 489 490
l 485 486
l 485 487
l 506 510
l 507 509
l 508 509
l 508 510
l 1500 1501
l 488 491
